,구장명,주소,시,구,냉난방,5vs5,7vs7,6vs6,팀조끼,4vs4,트레이닝 존,공대여,3vs3,8vs8,냉방,풋살화,11vs11,9vs9,샤워실,주차
0,부천 Clear(클리어) 풋살장 야외구장,경기도 부천시 옥산로 255 옥상층,경기도,부천시,0,1,0,1,1,0,0,1,0,0,0,1,0,0,0,1
1,남양주 다산 LS 풋살파크 메인구장,경기도 남양주시 다산중앙로82번안길 166-46 파인듀파크빌딩 6층,경기도,남양주시,0,1,0,0,1,1,0,1,0,0,0,0,0,0,0,1
2,고양 일산 드림하이 실내풋살장,경기도 고양시 일산서구 덕산로196-6,경기도,고양시,1,1,0,0,1,1,0,1,0,0,0,0,0,0,0,1
3,남양주 화도 유노풋볼 실내풋살장,경기도 남양주시 화도읍 수레로1120번길 1 2층,경기도,남양주시,1,0,0,0,1,1,0,1,1,0,0,0,0,0,0,1
4,솔레아스 시흥IC점 실내풋살장 A구장,경기도 시흥시 은계중앙로 306번길36 태진지식산업센터 2층,경기도,시흥시,1,1,0,0,1,1,0,1,0,0,0,0,0,0,0,1
5,연희 풋볼존 트레이닝존,서울시 서대문구 연희로132 지층,서울시,서대문구,1,0,0,0,1,0,1,1,0,0,0,0,0,0,0,1
6,동탄 수원삼성블루윙즈 실내풋살장 A구장,경기도 화성시 동탄대로 446 동탄역그란비아스타 B1층,경기도,화성시,1,1,0,0,1,1,0,1,0,0,0,0,0,0,0,1
7,용인 수지주니어FC 야외풋살장,경기도 용인시 수지구 동천로448번길 31-4,경기도,용인시,0,1,0,1,1,0,0,1,0,0,0,0,0,0,0,1
8, 시흥 아이온 2호점 실내풋살장,경기도 시흥시 황고개로531 영광프라자 5층,경기도,시흥시,1,0,0,0,1,1,0,1,1,0,0,0,0,0,0,1
9,안산 풋살제이 실내풋살장,경기도 안산시 상록구 분대길22,경기도,안산시,1,1,0,0,1,1,0,1,0,0,0,1,0,0,0,1
10,인천 탑런 풋살파크 검단롯데마트점 2구장,인천시 서구 마전동 1031-1 검단롯데마트 5층,인천시,서구,0,0,0,1,1,0,0,1,0,0,0,0,0,0,0,1
11,동대문 토모 풋살피치 야외구장,서울시 동대문구 답십리동 산2-9 힐스포파크 2층(동대문구 답십리로 209 힐스포파크 옥상층,서울시,동대문구,0,0,0,0,1,1,0,1,0,0,0,1,0,0,1,1
12,강서염창 로꼬풋살스타디움 실내 1구장,서울시 강서구 염창동 64-1,서울시,강서구,1,1,0,0,0,0,0,0,0,0,0,0,0,0,0,1
13,시흥 풋볼아이 풋살파크 A구장,경기도 시흥시 뒷방울길 64-11,경기도,시흥시,0,0,0,1,1,0,0,1,0,0,0,1,0,0,0,1
14,상암 DMC 실내풋살장 A구장,경기도 고양시 덕양구 호원길 3-2 2층,경기도,고양시,1,1,0,1,0,0,0,0,0,0,0,0,0,0,0,1
15,세종 드림스타디움 실내풋살장,세종시 연서면 월하리 138-1 세종패션타운 제1차 1동,세종시,연서면,1,0,0,0,1,1,0,1,0,0,0,0,0,0,1,1
16,용인 광주풋살장 실내구장,경기도 용인시 처인구 모현읍 백옥대로2101번길 63-32,경기도,용인시,0,1,0,0,1,1,0,1,0,0,0,0,0,0,1,1
17,시흥 드림 야외풋살장 A구장,경기도 시흥시 금이동 56-7,경기도,시흥시,0,0,0,1,1,0,0,1,0,0,0,1,0,0,1,1
18,의정부 도봉산 호원풋살장 A구장,경기도 의정부시 호원동 168-11,경기도,의정부시,0,0,1,1,1,0,0,1,0,0,0,1,0,0,1,1
19,안양 CS 풋살장 1구장,경기도 안양시 만안구 예술공원로52번길 2,경기도,안양시,0,0,0,1,0,0,0,0,0,0,0,0,0,0,1,1
20,수원 누누 실내풋살장 탑동점,경기도 수원시 권선구 탑동 758-5 7층,경기도,수원시,1,0,0,0,1,1,0,1,0,0,0,1,0,0,0,1
21,용인 노리터 풋볼랩 실내풋살장,경기도 용인시 기흥구 용구대로2145번길 19 2층,경기도,용인시,1,1,0,0,1,1,0,1,0,0,0,0,0,0,0,1
22,시흥 백호 실내풋살장 A구장,경기도 시흥시 대야동 210-2,경기도,시흥시,0,0,0,1,1,0,0,1,0,0,0,1,0,0,0,1
23,시흥 하이어 실내풋살장,경기도 시흥시 배곧동 서울대학로 264번길 26-32 3층,경기도,시흥시,1,0,0,0,1,1,0,1,0,0,0,0,0,0,0,1
24,수지광교PPC 풋살파크,경기도 용인시 수지구 성복2로 369,경기도,용인시,0,1,0,0,1,0,0,1,0,0,0,0,0,0,1,1
25,의왕 백운호수 풋살장 (구 박요셉풋살파크),경기도 의왕시 내손동 164,경기도,의왕시,0,0,0,1,1,0,0,1,0,0,0,1,0,0,0,1
26,광명 로꼬풋살스타디움 블랙구장,경기도 광명시 일직로 17 6층 광명 롯데몰,경기도,광명시,0,1,0,1,1,0,0,1,0,0,0,0,0,0,0,1
27,봉담 드레곤스포츠 야외풋살장,경기도 화성시 봉담읍 상리 475-16,경기도,화성시,0,1,0,0,1,0,0,1,0,0,0,0,0,0,0,1
28,서창 아이필드 풋살센터 A구장,인천시 남동구 운연동 459-37,인천시,남동구,0,0,0,1,1,0,0,1,0,0,0,0,0,0,0,1
29,검단 에피립토 풋살장 야외구장,인천시 서구 왕길동 64-284,인천시,서구,0,1,0,1,0,0,0,1,0,0,0,0,0,0,0,1
30,FC PJ 축구센터 야외풋살장,경기도 고양시 일산서구 덕이동 654-5,경기도,고양시,0,1,0,1,1,0,0,1,0,0,0,0,0,0,0,1
31,송탄 베스트 야외풋살장,경기도 평택시 경기대로 1619,경기도,평택시,0,0,0,1,1,0,0,1,0,0,0,0,0,0,0,1
32,고양 쌈바 풋볼파크 야외풋살장 오른쪽구장,경기도 고양시 덕양구 수역이길 42,경기도,고양시,0,0,0,1,1,0,0,1,0,0,0,1,0,0,1,1
33,압구정 풋살스튜디오 실내풋살장,서울시 강남구 압구정로50길 28 현대상가 지하1층 17호,서울시,강남구,1,0,0,0,1,1,0,1,0,0,0,1,0,0,0,1
34,프리즘 실내풋살장 영원초교점,서울시 영등포구 도영로 22길 38 5F,서울시,영등포구,1,0,0,0,1,1,0,1,1,0,0,0,0,0,0,1
35,인천 골든타임 실내풋살장,인천시 남동구 서창남순환로 215번길 17 마스타프라자 7층,인천시,남동구,1,0,0,0,1,1,0,1,1,0,0,0,0,0,0,1
36,용인 유투고 실내풋살장,경기도 용인시 모현읍 오산리 23-1,경기도,용인시,1,1,0,0,1,1,0,1,0,0,0,0,0,0,0,1
37,양주 제이축구아카데미 야외풋살장 A면,경기도 양주시 평화로 1181,경기도,양주시,0,0,0,1,1,0,0,1,0,0,0,0,0,0,1,1
38,광명 로꼬풋살스타디움 레드구장,경기도 광명시 일직로 17 6층 광명 롯데몰,경기도,광명시,0,1,0,1,1,0,0,1,0,0,0,0,0,0,0,1
39,신안산풋살파크 A면,경기도 안산시 단원구 신안산대학로 135,경기도,안산시,0,0,1,1,1,0,0,1,0,0,0,1,0,0,0,1
40,용인 플레이스풋볼 실내풋살장,경기도 용인시 처인구 곡현로 480번길12 2층,경기도,용인시,0,1,0,0,1,0,0,1,0,0,0,1,0,0,0,1
41,평택 JS 실내풋살장,경기도 평택시 포승읍 불당길 3 1동,경기도,평택시,1,1,0,0,1,1,0,1,0,0,0,0,0,0,0,1
42,이상호 풋볼 아카데미(남양주 다산풋살구장),경기도 남양주시 다산지금로 124-55,경기도,남양주시,0,1,0,0,1,0,0,1,0,0,0,0,0,0,0,1
43,용인 테크니카 야외풋살장,경기도 용인시 처인구 남사읍 통삼리 629-15,경기도,용인시,0,0,0,1,1,0,0,1,0,0,0,0,0,0,0,1
44,경기광주 US풋살파크 A구장,경기도 광주시 남한산성면 엄미리 50-2,경기도,광주시,0,1,0,1,1,0,0,1,0,0,0,1,0,0,0,1
45,김포 GFA 야외풋살장,경기도 김포시 양촌읍 석모리 1209,경기도,김포시,0,0,0,1,1,0,0,1,0,0,0,0,0,0,0,1
46,김포 퍼스트 야외풋살장,경기도 김포시 양촌읍 김포한강4로 278번길 31,경기도,김포시,0,1,0,0,1,0,0,1,0,0,0,0,0,0,0,1
47,고양 원흥풋살장,경기도 고양시 덕양구 원흥동 563-27,경기도,고양시,0,0,0,1,1,0,0,1,0,0,0,0,0,0,1,1
48,인천 펀앤펀 실내풋살장,인천시 남동구 논현동 744-1 골든프라자 5층,인천시,남동구,1,0,0,0,1,1,0,1,0,0,0,0,0,0,0,1
49,인천 현우풋살스타디움 1구장,인천시 서구 석남동 223-192,인천시,서구,0,0,0,1,1,0,0,1,0,0,0,1,0,0,0,1
50,경기광주 ACT 풋살파크 야외구장,경기도 광주시 오포읍 매자리길 94-65,경기도,광주시,0,1,0,1,1,0,0,1,0,0,0,0,0,0,0,1
51,마곡 이노 에코 실내풋살장,서울시 강서구 마곡중앙6로 21 마곡이너매스 B101호,서울시,강서구,1,0,0,0,1,0,0,1,1,0,0,0,0,0,0,1
52,안양 비플렉스 풋살스타디움,경기도 안양시 만안구 전파로 24번길 35-25 3층,경기도,안양시,1,1,0,0,1,1,0,1,0,0,0,1,0,0,0,1
53,화성풋살파크 야외 A구장,경기도 화성시 향남읍 하길리 616,경기도,화성시,0,0,0,1,1,0,0,1,0,0,0,1,0,0,1,1
54,용인 히어로스포츠클럽 실내풋살장,경기도 용인시 처인구 경안천로 258번길 84,경기도,용인시,0,0,0,0,1,1,0,1,0,0,1,0,0,0,0,1
55,용인 남곡유나이티드 야외풋살장,경기도 용인시 처인구 남사읍 산정로 51-24,경기도,용인시,0,1,0,0,1,1,0,1,0,0,0,0,0,0,0,1
56,김포 PnC 풋살파크 A구장,경기도 김포시 양촌읍 구래리 681-34,경기도,김포시,0,0,0,1,1,0,0,1,0,0,0,1,0,0,1,1
57,노원 유경 야외풋살장,서울시 노원구 중계동 364-17 유경데파트 옥상층,서울시,노원구,0,0,0,0,0,1,0,0,0,0,0,0,0,0,0,1
58,남양주 힐링사커 아레나 실내풋살장,경기도 남양주시 오남읍 양지리 549-1,경기도,남양주시,0,1,0,0,1,1,0,1,0,0,0,1,0,0,0,1
59,다산주니어FC 실내풋살장 1층,경기도 남양주시 호평동 천마산로16번길 28,경기도,남양주시,1,1,0,0,1,0,0,1,0,0,0,0,0,0,0,1
60,평택 핏그라운드 풋살장 야외A구장,경기도 평택시 독곡동 25,경기도,평택시,0,0,0,1,1,0,0,1,0,0,0,1,0,0,0,1
61,광명스포츠아카데미 실외풋살장,경기도 광명시 하안동 305-1,경기도,광명시,0,1,0,0,1,0,0,1,0,0,0,0,0,0,0,1
62,동탄 건강한사람들 야외풋살장,경기도 화성시 산척동 552-101,경기도,화성시,0,0,0,1,1,0,0,1,0,0,0,0,0,0,0,1
63,군산 스포츠제이 풋살파크 A면,전라북도 군산시 개정동 30-4,전라북도,군산시,0,1,0,1,1,0,0,1,0,0,0,0,0,0,1,1
64,전주 메리트풋볼 야외풋살장,전라북도 전주시 완산구 서신동 969-3 옥상층,전라북도,전주시,0,0,0,0,1,1,0,1,1,0,0,0,0,0,0,1
65,시흥 플랑드르 풋살파크 A면,경기도 시흥시 능곡동 235-1 시흥플랑드르 3층,경기도,시흥시,0,1,0,1,1,0,0,1,0,0,0,0,0,0,0,0
66,화성 케이풋살파크 협성대점 화이트 A구장,경기도 화성시 봉담읍 상리 14 협성대학교 내 웨슬리관 옆,경기도,화성시,0,0,0,1,1,0,0,1,0,0,0,1,0,0,0,1
67,역곡 월클 풋살장,경기도 부천시 소사구 괴안동 167 옥상층,경기도,부천시,0,1,0,0,1,0,0,1,0,0,0,0,0,0,1,1
68,전주 전북유나이티드 야외풋살장,전라북도 전주시 덕진구 산정동 857-3 옥상층,전라북도,전주시,0,0,0,0,1,1,0,1,0,0,0,0,0,0,1,1
69,런앤짐 스포츠클럽 야외풋살장,경기도 남양주시 진접읍 주곡로147번길 53-6,경기도,남양주시,0,1,0,1,1,0,0,1,0,0,0,0,0,0,0,1
70,고양풋볼파크 야외풋살장 2호점,경기도 고양시 덕양구 지축동 595-7,경기도,고양시,0,1,0,0,1,1,0,1,0,0,0,1,0,0,0,1
71,고촌 아라 실내풋살장 A구장,경기도 김포시 고촌읍 신곡리 762-1,경기도,김포시,1,1,0,0,1,1,0,1,0,0,0,0,0,0,0,1
72,공존풋살파크 양주점 A면,경기도 양주시 고읍동 176-10,경기도,양주시,0,1,0,1,1,0,0,1,0,0,0,0,0,0,0,1
73,파주 ALA 옥상풋살장,경기도 파주시 동패동 1758-1 삼융프라자 옥상,경기도,파주시,0,1,0,0,0,1,0,0,0,0,0,0,0,0,0,1
74,TBS 도봉산 풋살장(양주CITY FC) 2구장,경기도 양주시 광사동 529번지,경기도,양주시,0,0,1,1,1,0,0,1,0,0,0,1,0,0,1,1
75,검단킹 풋살장(실내),인천시 서구 왕길동 64-51,인천시,서구,0,1,0,1,0,0,0,1,0,0,0,0,0,0,0,1
76,구리 G&T 실내풋살장,경기도 구리시 수택동 504-6 3층,경기도,구리시,1,0,0,0,1,0,0,1,1,0,0,0,0,0,1,0
77,도봉 마루 케이지 풋살장(실내),서울시 도봉구 방학동 695-8 5층,서울시,도봉구,1,0,0,0,1,1,0,1,1,0,0,1,0,0,0,1
78,춘천 파나스 풋살장 (퇴계온의점) 야외,강원도 춘천시 온의동 464 4층,강원도,춘천시,0,0,0,0,1,1,0,1,0,0,0,0,0,0,0,1
79,하남 한사랑 실내풋살장,경기도 하남시 초이동 천호대로1358번길 35-44,경기도,하남시,1,1,0,0,1,0,0,1,0,0,0,1,0,0,1,1
80,부천 종합운동장 풋살장(야외),경기도 부천시 춘의동 8,경기도,부천시,0,1,0,0,0,1,0,0,0,0,0,0,0,0,0,1
81,메이저 풋볼스킬 2호점 실내구장,경기도 용인시 처인구 모현읍 능원리 311,경기도,용인시,0,1,0,0,1,1,0,1,0,0,0,0,0,0,0,1
82,시흥 ad축구센터 야외풋살장,경기도 안산시 단원구 바라지길 43,경기도,안산시,0,1,0,0,1,1,0,1,0,0,0,0,0,0,0,1
83,김포 프라임 실내풋살장(마산점),경기도 김포시 김포한강8로 162번길 16  제이앤제이프라자 2층,경기도,김포시,1,0,0,0,1,1,0,1,1,0,0,0,0,0,0,1
84,인천 AU 실내풋살장 논현점 화이트구장,인천시 남동구 논현동 50-1 3층,인천시,남동구,1,0,0,0,1,1,0,1,1,0,0,0,0,0,0,1
85,아이비리그 야외풋살장,경기도 고양시 일산동구 식사동 716-9,경기도,고양시,0,1,0,0,1,1,0,1,0,0,0,0,0,0,0,1
86,토평980 풋살파크 B면(야외),경기도 구리시 토평동 980 6층,경기도,구리시,0,0,0,0,1,1,0,1,0,0,0,0,0,0,0,1
87,KSU 실내 풋살장 2구장,서울시 양천구 은행정로 4길 16 2층,서울시,양천구,1,0,0,0,1,0,0,1,1,0,0,0,0,0,0,1
88,일산H 풋살클럽 야외C면,경기도 고양시 일산서구 덕산로 257-4,경기도,고양시,0,0,0,0,1,0,0,1,1,0,0,1,0,0,0,1
89,김포 싸커코어 풋살장 2구장,경기도 김포시 금포로 1117-20 3층,경기도,김포시,0,0,1,1,1,0,0,1,0,0,0,0,0,0,0,1
90,멘토링 축구아카데미 풋살장(실내),경기도 용인시 풍덕천동 672-1,경기도,용인시,0,0,0,0,1,1,0,1,0,0,0,0,0,0,0,1
91,수원시티FC 풋살장(호매실점) 야외,경기도 화성시 매송면 천천리 35-46,경기도,화성시,0,1,0,0,1,1,0,1,0,0,0,0,0,0,0,1
92,검단 빅토리 축구교실 풋살장(야외) B면,인천시 서구 대곡동 629,인천시,서구,0,0,0,0,1,1,0,1,1,0,0,0,0,0,0,1
93,백두 풋살장 B면,경기도 고양시 덕양구 원흥동 354-2,경기도,고양시,0,0,0,1,0,0,0,1,0,0,0,0,0,0,0,1
94,대한체대입시학원 야외풋살장(동탄점),경기도 오산시 외삼미로 55-5,경기도,오산시,0,1,0,0,1,1,0,1,0,0,0,0,0,0,1,1
95,안양 아레나 야외풋살장 1구장,경기도 의왕시 학의동 340-104,경기도,의왕시,0,0,0,1,0,0,0,0,0,0,0,0,0,0,0,1
96,부천 마스터FC 오정점 실내풋살장 A면,경기도 부천시 오정동 415-4 지하 1층,경기도,부천시,0,0,0,0,1,1,0,1,1,0,0,0,0,0,0,1
97,골든아이 스포츠클럽 실내풋살장,인천시 서구 원당동 824-1 2층,인천시,서구,1,0,0,0,1,1,0,1,0,0,0,1,0,0,1,1
98,JS아카데미 풋살장(실내),서울시 동대문구 휘경동 42-23 js빌딩 8층,서울시,동대문구,1,0,0,0,1,0,0,1,1,0,0,1,0,0,1,1
99,FC현 풋살장 A면(실내),서울시 도봉구 창동 804 대우아파트상가 지하1층,서울시,도봉구,1,0,0,0,1,0,0,1,1,0,0,1,0,0,0,1
100,강남 피엘풋볼 실내풋살장,서울시 강남구 역삼동 725-25 B2층,서울시,강남구,1,0,0,0,0,0,0,1,1,0,0,0,0,0,0,1
101,용인 유림풋살장 3구장,경기도 용인시 한터로58번길 29,경기도,용인시,0,0,0,1,1,0,0,1,0,0,0,1,0,0,0,1
102,용인 라온utd 야외풋살장,경기도 용인시 수지구 신봉동 23-1 5층,경기도,용인시,0,1,0,0,1,1,0,1,0,0,0,0,0,0,0,1
103,MIN스포츠아카데미 2관 실내풋살장,인천시 부평구 삼산동 168-2,인천시,부평구,1,0,0,0,1,0,0,1,1,0,0,0,0,0,0,1
104,코리아레포츠 풋살장,경기도 고양시 일산서구 덕이동 1300-3,경기도,고양시,0,1,0,0,1,0,0,1,0,0,0,0,0,0,0,1
105,구로 스포트리 실내풋살장,서울시 구로구 경인로403 원메디타운 a동 5층,서울시,구로구,1,0,0,0,1,0,0,1,1,0,0,0,0,0,1,1
106,제이원 풋살장 장지점 B면(실외),경기도 광주시 장지동 184,경기도,광주시,0,0,0,0,1,1,0,1,1,0,0,0,0,0,0,1
107,아곤 스포츠클럽1관 1층,인천시 서구 경서동 350-45,인천시,서구,1,1,0,0,1,1,0,1,0,0,0,1,0,0,1,1
108,청라북항 풋살장,인천시 서구 원창동 381-76 북항프라자 옥상,인천시,서구,0,1,0,1,0,0,0,1,0,0,0,0,0,0,0,1
109,미라클FC 풋살장(야외),경기도 오산시 외삼미동 74-14,경기도,오산시,0,1,0,1,1,0,0,1,0,0,0,0,0,0,0,1
110,관악풋볼클럽 실내풋살장,서울시 관악구 은천로2길 35 4층,서울시,관악구,1,0,0,0,1,0,0,1,1,0,0,0,0,0,0,1
111,FC봉담 풋살장,경기도 화성시 봉담읍 동화리 245-12,경기도,화성시,0,1,0,0,1,0,0,1,0,0,0,0,0,0,0,1
112,프리즘 실내풋살장 영등포점,서울시 영등포구 당산동3가 388-1 2층,서울시,영등포구,1,0,0,0,1,1,0,1,1,0,0,0,0,0,0,1
113,아곤 풋살장 계양점 A구장,인천시 계양구 계산동 926-27 나드리프라자 옥상,인천시,계양구,0,1,0,0,1,0,0,1,0,0,0,0,0,0,0,1
114,광명스포츠아카데미 풋살장 실내C면,경기도 광명시 하안동 305-1,경기도,광명시,1,0,0,0,1,1,0,1,1,0,0,0,0,0,0,1
115,GS경수클럽 당수점 실외구장,경기도 수원시 권선구 당수동 232-2 4층,경기도,수원시,0,1,0,0,1,0,0,1,0,0,0,0,0,0,0,1
116,김형일 축구클럽 풋살장(야외),인천시 서구 왕길동 64-418(인천시 서구 검단로 326번길 77),인천시,서구,0,0,0,1,1,0,0,1,0,0,0,0,0,0,0,1
117,KGL 체육교실 풋살장 B면,경기도 화성시 동탄면 금곡로 211-89,경기도,화성시,0,1,0,0,1,1,0,1,0,0,0,0,0,0,1,1
118,HN유나이티드 풋살장 실내구장,경기도 화성시 향남읍 구문천리 348-3,경기도,화성시,0,0,0,0,1,1,0,1,0,0,0,0,0,0,1,1
119,로꼬 풋살아레나 신목동점 실내B면,서울시 양천구 목동 722-9 비바스포츠 5층,서울시,양천구,1,0,0,0,1,0,0,1,1,0,0,1,0,0,1,1
120,오산 블루윙즈 실내풋살장 A구장,경기도 오산시 은계동 67-17 2층,경기도,오산시,0,1,0,0,1,1,0,1,0,0,0,0,0,0,0,1
121,SFC 스포츠클럽 B면,경기도 화성시 배양동 69-537,경기도,화성시,0,1,0,0,1,1,0,1,0,0,0,0,0,0,0,1
122,신도림 로꼬풋살아레나(실내) 지하구장,서울시 구로구 신도림동 395-3 지하,서울시,구로구,1,0,0,0,1,1,0,1,1,0,0,1,0,0,1,1
123,일산 로꼬 풋살스타디움 고양터미널점 화이트구장,경기도 고양시 일산동구 백석동 1242 5층 야외옥상,경기도,고양시,0,0,0,1,1,0,0,1,0,0,0,1,0,0,0,1
124,풀 굿 FC 실내 풋살장,서울시 관악구 은천동 봉천두산아파트 208동 상가 지하,서울시,관악구,1,0,0,0,1,1,0,1,1,0,0,0,0,0,1,1
125,GA 실내풋살장 1호점,서울시 관악구 봉천동 940-11,서울시,관악구,1,0,0,0,1,1,0,1,0,0,0,0,0,0,0,1
126,라이프 FC 실내 풋살장,서울시 은평구 응암동 578-34 2층,서울시,은평구,1,0,0,0,1,1,0,1,1,0,0,0,0,0,0,1
127,JD 풋볼아카데미 풋살장(실내) A면,서울시 송파구 가락동 164-24 지하1층,서울시,송파구,1,0,0,0,1,0,0,1,1,0,0,0,0,0,0,1
128,포인원 축구아카데미 풋살장 레드구장(실내),서울시 강남구 삼성동 169-10 지하 1층 102호,서울시,강남구,1,0,0,0,1,1,0,1,1,0,0,0,0,0,0,1
129,포인원 축구아카데미 풋살장 블루구장(실내),서울시 강남구 삼성동 169-10 지하 1층 102호,서울시,강남구,1,0,0,0,1,0,0,1,1,0,0,0,0,0,0,1
130,로꼬 풋살파크(야외) 목동점,서울시 양천구 목동 923 세신비젼프라자 11층 옥상,서울시,양천구,0,0,0,0,1,1,0,1,1,0,0,0,0,0,0,1
131,로꼬 풋살아레나 신목동점 실내A면,서울시 양천구 목동 722-9 비바스포츠 5층,서울시,양천구,1,0,0,0,1,0,0,1,1,0,0,1,0,0,1,1
132,플레이존 풋살장 신사점(실내),서울시 강남구 신사동 528-8 지하1층,서울시,강남구,0,1,0,0,1,1,0,1,0,0,0,0,0,0,0,1
133,동대문 토모 풋살피치 블랙구장(실내),서울시 동대문구 답십리동 산2-9 힐스포파크 2층(동대문구 답십리로 209 힐스포파크 2층),서울시,동대문구,1,0,0,0,1,1,0,1,1,0,0,1,0,0,1,1
134,비컴 풋볼아카데미 풋살장(실내),서울시 성북구 보문동4가 87 문빌딩 지하 1층,서울시,성북구,1,0,0,0,1,0,0,1,1,0,0,1,0,0,0,1
135,FC현 풋살장 B면(실내),서울시 도봉구 창동 804 대우아파트상가 지하1층,서울시,도봉구,1,0,0,0,1,0,0,1,1,0,0,1,0,0,0,1
136,역삼 JMJ 실내풋살장,서울시 강남구 역삼동 637-31 지하1층,서울시,강남구,1,0,0,0,1,1,0,1,1,0,0,0,0,0,1,1
137,난우주니어 풋살장(실내),서울시 금천구 독산동 711-2 지하1층 (서울시 금천구 벚꽃로 73 금천 현대아파트 상가 지하 1층),서울시,금천구,1,0,0,0,1,1,0,1,1,0,0,1,0,0,0,1
138,골든에이지 풋살구장(실내),서울시 중랑구 망우동 470-11 지하1층,서울시,중랑구,1,0,0,0,1,1,0,1,1,0,0,0,0,0,0,1
139,스윗스팟 풋살장 강남점(실내),서울시 서초구 서초동 1698-7 수성수빌딩 지하1층,서울시,서초구,1,0,0,0,1,0,0,1,1,0,0,1,0,0,1,1
140,주사랑 FC 풋살장 삼전점(실내),서울시 송파구 삼전동 22-2,서울시,송파구,1,0,0,0,1,1,0,1,0,0,0,0,0,0,0,1
141,주사랑 FC 풋살장 석촌점(실내),서울시 송파구 석촌동 15-2,서울시,송파구,1,0,0,0,1,1,0,1,1,0,0,0,0,0,0,1
142,목동 AFC아라 실내풋살장,서울시 양천구 월정로 43 지하1층,서울시,양천구,1,0,0,0,1,1,0,1,1,0,0,1,0,0,1,1
143,신도림 로꼬풋살아레나(실내) 지상구장,서울시 구로구 신도림동 395-3 1층,서울시,구로구,1,0,0,0,1,1,0,1,1,0,0,1,0,0,1,1
144,로꼬 풋살아레나 신목동점 (구 인도어구장) 실내C면,서울시 양천구 목동 722-9 비바스포츠 6층,서울시,양천구,1,0,0,0,1,1,0,1,1,0,0,1,0,0,1,1
145,유비스포츠 풋살장 잠실점,서울시 송파구 위례성대로18 지하1층,서울시,송파구,1,0,0,0,1,1,0,1,1,0,0,0,0,0,0,1
146,프리즘 실내풋살장 당산점,서울시 영등포구 영중로 139 3층,서울시,영등포구,1,0,0,0,1,1,0,1,1,0,0,0,0,0,0,1
147,KTC 실내풋살클럽(개봉점),서울시 구로구 고척로19길 41 B1층,서울시,구로구,1,0,0,0,1,1,0,1,1,0,0,0,0,0,1,1
148,키커 풋살스타디움 (실내),서울시 송파구 가락동 196-16 B1층,서울시,송파구,1,0,0,0,1,1,0,1,1,0,0,0,0,0,0,1
149,파시온FC 실내풋살장(약수점),서울시 중구 다산로 22길 14 B1층,서울시,중구,1,0,0,0,1,0,0,1,1,0,0,0,0,0,0,1
150,도봉 풋살장 2구장,서울시 도봉구 방학동 572,서울시,도봉구,0,1,0,0,1,1,0,1,0,0,0,1,0,0,1,1
151,KSU 실내 풋살장 1구장,서울시 양천구 은행정로 4길 16 2층,서울시,양천구,1,0,0,0,1,0,0,1,1,0,0,0,0,0,0,1
152,목동 해바스포츠 야외풋살장,서울시 양천구 목동서로 355 5층(강림교회),서울시,양천구,0,0,0,0,1,1,0,1,0,0,0,0,0,0,0,0
153,태풍풋살센터,서울시 노원구 중계로 6길 18,서울시,노원구,0,1,0,0,1,1,0,1,0,0,0,0,0,0,0,0
154,강남 스타 풋살장 A면,서울시 서초구 매헌로 16 7층,서울시,서초구,0,0,0,1,0,0,0,1,0,0,0,1,0,0,0,1
155,강남 스타 풋살장 B면,서울시 서초구 매헌로 16 7층,서울시,서초구,0,0,0,0,0,1,0,1,0,0,0,1,0,0,0,1
156,FC플레이어 실내풋살장(도곡점) A면,서울시 강남구 논현로 152 2층,서울시,강남구,1,0,0,0,1,1,0,1,0,0,0,0,0,0,0,1
157,FC플레이어 실내풋살장(도곡점) B면,서울시 강남구 논현로 152 2층,서울시,강남구,1,0,0,0,1,1,0,1,0,0,0,0,0,0,0,1
158,짐앤아이 풋살장(노원점) 실내,서울시 노원구 공릉동 408-6 4층,서울시,노원구,1,0,0,0,1,1,0,1,1,0,0,1,0,0,0,1
159,한국풋살파크 (목동점),서울시 양천구 목동 807-1 옥상,서울시,양천구,0,0,0,0,0,1,0,1,0,0,0,0,0,0,0,1
160,JP연세 실내풋살장,서울시 강서구 수명로 80 지하1층,서울시,강서구,1,0,0,0,1,1,0,1,1,0,0,0,0,0,0,1
161,관악 피닉스 실내풋살장,서울시 관악구 난향길 5 2층,서울시,관악구,0,0,0,0,1,1,0,1,1,0,1,0,0,0,0,1
162,동대문 토모 풋살파크 B면(야외),서울시 동대문구 답십리동 532-8 답십리골든타워 옥상,서울시,동대문구,0,0,0,0,0,1,0,0,1,0,0,0,0,0,0,1
163,티키타카 실내풋살장 A면,서울시 성북구 정릉동 산16-46 서경대학교 수인관,서울시,성북구,1,0,0,0,0,1,0,1,1,0,0,1,0,0,0,1
164,티키타카 실내풋살장 B면,서울시 성북구 정릉동 산16-46 서경대학교 수인관,서울시,성북구,1,0,0,0,0,1,0,1,1,0,0,1,0,0,0,1
165,티키타카 실내풋살장 C면,서울시 성북구 정릉동 산16-46 서경대학교 수인관,서울시,성북구,1,0,0,0,0,1,0,1,1,0,0,1,0,0,0,1
166,월계 SMC 풋살PARK 실내구장,서울시 노원구 월계동 322-1 성원아파트상가 지하1층,서울시,노원구,1,0,0,0,1,0,0,1,1,0,0,0,0,0,0,1
167,구로주니어FC 풋살장 실내 2구장,서울시 구로구 경서로 12 대상빌딩 2층,서울시,구로구,1,0,0,0,1,1,0,1,1,0,0,0,0,0,0,1
168,당산 업핏풋볼그라운드 루프탑풋살장,서울시 영등포구 당산로 241 유니언타운 루프탑,서울시,영등포구,0,0,0,0,1,1,0,1,1,0,0,1,0,0,1,0
169,리치유소년 실내풋살장 2호점 A구장,서울시 구로구 구로중앙로 134 구로자이 나인스에비뉴 B1층,서울시,구로구,1,0,0,0,1,0,0,1,1,0,0,0,0,0,0,1
170,리치유소년 실내풋살장 2호점 B구장,서울시 구로구 구로중앙로 134 구로자이 나인스에비뉴 B1층,서울시,구로구,1,0,0,0,1,0,0,1,1,0,0,0,0,0,0,1
171,잠실 로꼬풋살스타디움 1구장,서울시 송파구 잠실동 40-1 R층,서울시,송파구,0,1,0,0,1,0,0,1,0,0,0,1,0,0,0,1
172,목동 빅토리스포츠 풋살클럽,서울시 양천구 신목로5길 13 B1층,서울시,양천구,1,0,0,0,1,1,0,1,1,0,0,0,0,0,1,1
173,동작 원스포츠 실내풋살장,서울시 동작구 상도로15길 98 지하1층,서울시,동작구,1,0,0,0,1,1,0,1,0,0,0,0,0,0,0,1
174,영등포 하이어스 실내풋살장,서울시 영등포구 양평동 2가 37-2 양평빌딩 206호,서울시,영등포구,1,0,0,0,1,0,0,1,1,0,0,1,0,0,0,1
175,관악 원스포츠 실내풋살장,서울시 관악구 관악로30길 27 푸르지오상가 1층 111호,서울시,관악구,1,0,0,0,1,1,0,1,1,0,0,0,0,0,0,1
176,동대문 토모 풋살피치 블루구장(실내),서울시 동대문구 답십리로 209 2층,서울시,동대문구,1,1,0,1,1,0,0,1,0,0,0,1,0,0,1,1
177,자양 WIN FC 1호점(실내),서울시 광진구 자양번영로 69 2층,서울시,광진구,1,0,0,0,1,0,0,1,1,0,0,0,0,0,0,1
178,강남 D&K 트레이닝존 A구장,서울시 강남구 대치동 911-7,서울시,강남구,1,0,0,0,0,0,1,1,0,0,0,0,0,0,0,1
179,마포키즈아레나 1호점 트레이닝존,서울시 마포구 용강동 토정로31길 24,서울시,마포구,1,0,0,0,0,0,1,1,0,0,0,0,0,0,0,1
180,마포키즈아레나 2호점 실내풋살장,서울시 마포구 도화동 51-1 성우빌딩 지하1층,서울시,마포구,1,0,0,0,1,0,0,1,1,0,0,0,0,0,1,1
181,마포키즈아레나 2호점 트레이닝존,서울시 마포구 도화동 51-1 성우빌딩 지하1층,서울시,마포구,1,0,0,0,1,0,1,1,0,0,0,0,0,0,1,1
182,동대문 토모 풋살피치 그린구장(실내),서울시 동대문구 답십리로 209 2층,서울시,동대문구,1,0,0,0,1,1,0,1,1,0,0,1,0,0,1,1
183,태즈풋볼 역삼자이점 실내풋살장,서울시 강남구 역삼동 711-6 역삼자이상가 5층,서울시,강남구,1,0,0,0,1,1,0,1,1,0,0,0,0,0,0,1
184,태즈풋볼 도곡점 실내풋살장,서울시 강남구 역삼동 779-3 광진빌딩 2층,서울시,강남구,1,0,0,0,1,1,0,1,1,0,0,0,0,0,0,0
185,노원 팀일레븐 트레이닝존 A구장,서울시 노원구 공릉로 227 지층,서울시,노원구,1,0,0,0,0,0,1,1,0,0,0,1,0,0,0,1
186,노원 팀일레븐 트레이닝존 B구장,서울시 노원구 공릉로 227 지층,서울시,노원구,1,0,0,0,0,0,1,1,0,0,0,1,0,0,0,1
187,노원 팀일레븐 트레이닝존 A+B구장,서울시 노원구 공릉로 227 지층,서울시,노원구,1,0,0,0,0,0,1,1,0,0,0,1,0,0,0,1
188,노원 송구칠 실내풋살장,서울시 노원구 상계로 27길12 지하1층,서울시,노원구,1,0,0,0,1,1,0,1,1,0,0,0,0,0,0,1
189,노원 송구칠 트레이닝존,서울시 노원구 상계로 27길12 지하1층,서울시,노원구,1,0,0,0,1,0,1,1,0,0,0,0,0,0,0,1
190, KSU 야외풋살장,서울시 강서구 등촌로75 욱장빌딩 8층,서울시,강서구,0,0,0,0,1,1,0,1,1,0,0,0,0,0,0,1
191,KSU 트레이닝존 A구장,서울시 양천구 등촌로 100 지하1층,서울시,양천구,1,0,0,0,1,0,1,1,0,0,0,0,0,0,1,1
192,KSU 트레이닝존 B구장,서울시 양천구 등촌로 100 지하1층,서울시,양천구,1,0,0,0,1,0,1,1,0,0,0,0,0,0,1,1
193,도곡 로꼬풋살스타디움 2구장,서울시 강남구 대치동 500 그랑프리엔 4층,서울시,강남구,0,1,0,0,1,1,0,1,0,0,0,0,0,0,0,1
194,도곡 로꼬풋살스타디움 3구장,서울시 강남구 대치동 500 그랑프리엔 4층,서울시,강남구,0,0,0,0,1,1,0,1,1,0,0,0,0,0,0,1
195,목동 팀워크 실내풋살파크,서울시 양천구 국회대로 283 2층,서울시,양천구,1,0,0,0,1,1,0,1,0,0,0,0,0,0,0,1
196,관악축구클럽 실내풋살장,서울시 관악구 신림동 561-4 지하1층,서울시,관악구,1,0,0,0,1,0,0,1,1,0,0,1,0,0,1,1
197,강서풋볼아카데미 실내풋살장,서울시 강서구 등촌동 683 B1층,서울시,강서구,1,0,0,0,1,1,0,1,1,0,0,0,0,0,0,1
198,동대문 지니풋살파크 트레이닝존,서울시 동대문구 왕산로68 용운빌딩 옥상층,서울시,동대문구,0,0,0,0,1,0,1,1,0,0,0,0,0,0,1,1
199,중계건영 SMC 풋살PARK 실내구장,서울시 노원구 섬밭로 258 건영백화점 4층,서울시,노원구,1,0,0,0,1,1,0,1,0,0,0,0,0,0,0,1
200,송파 풋볼투게더 실내풋살장,서울시 송파구 동남로6길 6 지하1층,서울시,송파구,1,0,0,0,1,1,0,1,1,0,0,0,0,0,1,1
201,강서염창 로꼬풋살스타디움 실내 2구장,서울시 강서구 염창동 64-1,서울시,강서구,1,1,0,0,0,0,0,0,0,0,0,0,0,0,0,1
202,광진 더베이스캠프 실내풋살장,서울시 광진구 아차산로292 모아빌딩 B1층,서울시,광진구,1,0,0,0,1,0,0,1,1,0,0,0,0,0,0,0
203,서초 샤프풋볼 실내풋살장,서울시 서초구 서초대로335 서흥빌딩 B1층,서울시,서초구,1,0,0,0,1,1,0,1,1,0,0,1,0,0,0,1
204,노원 아시아퍼시픽 풋살장 C구장,서울시 노원구 월계동 820,서울시,노원구,0,0,0,1,0,0,0,0,0,0,0,0,0,0,0,1
205,노원 아시아퍼시픽 풋살장 D구장,서울시 노원구 월계동 820,서울시,노원구,0,0,0,1,0,0,0,0,0,0,0,0,0,0,0,1
206,신길 아웃풋 실내풋살장,서울시 영등포구 영등포로364 대하빌딩 지하1층,서울시,영등포구,1,0,0,0,1,0,0,1,1,0,0,0,0,0,0,1
207,사당 풋볼 실내풋살장,서울시 관악구 남부순환로2030 B1층,서울시,관악구,1,0,0,0,1,1,0,1,1,0,0,0,0,0,0,1
208,자양 WIN FC 2호점(실내),서울시 광진구 뚝섬로35길 14 한라아파트 B동상가 지하1층,서울시,광진구,1,0,0,0,1,0,0,1,1,0,0,0,0,0,1,1
209,영등포 투터치 실내풋살장,서울시 영등포구 가마산로69가길12 지하 1층,서울시,영등포구,1,0,0,0,1,0,0,1,1,0,0,0,0,0,0,1
210,마포키즈아레나 3호점 트레이닝존 A면,서울시 마포구 마포대로 231푸르지오 101동상가 지하1층,서울시,마포구,1,0,0,0,1,0,1,1,0,0,0,0,0,0,0,1
211,마포키즈아레나 3호점 트레이닝존 B면,서울시 마포구 마포대로 231푸르지오 101동상가 지하1층,서울시,마포구,1,0,0,0,1,0,1,1,0,0,0,0,0,0,0,1
212,강동 상일 실내풋살장,"서울시 강동구 상일동 286, 3층",서울시,강동구,1,0,0,0,1,0,0,1,1,0,0,0,0,0,0,1
213,영등포 문래 TISC 실내풋살장 옐로우구장,서울시 영등포구 문래로55 2층 4호,서울시,영등포구,1,0,0,0,1,1,0,1,0,0,0,0,0,0,1,1
214,영등포 문래 TISC 실내풋살장 블랙구장,서울시 영등포구 문래로55 2층 4호,서울시,영등포구,1,0,0,0,1,1,0,1,0,0,0,0,0,0,1,1
215,명지 유앤아이 실내풋살장,서울시 서대문구 홍은동 402-34 2층,서울시,서대문구,1,0,0,0,1,1,0,1,1,0,0,0,0,0,1,1
216,JDY 풋볼센터(실내),인천시 계양구 계산동 1085-3 태평아파트상가동 지하 b01호 JDY풋볼센터,인천시,계양구,1,0,0,0,0,1,0,0,1,0,0,0,0,0,0,1
217,예스 풋볼아카데미 풋살장(실내),인천시 연수구 송도동 8-12 6층,인천시,연수구,1,0,0,0,1,1,0,1,1,0,0,0,0,0,0,1
218,인유FC 청라 스킬트레이닝센터,인천시 서구 청라 커낼로288번길 10 더스페이스타워 1005호,인천시,서구,1,0,0,0,1,1,0,1,1,0,0,0,0,0,0,1
219,인천 스포스쿨 실내풋살장,인천시 중구 하늘달빛로 70 5층,인천시,중구,1,0,0,0,1,1,0,1,1,0,0,0,0,0,0,1
220,골든아이 스포츠클럽(완정점) 실내 풋살장 ,인천시 서구 완정로 115 2층,인천시,서구,1,0,0,0,1,1,0,1,1,0,0,0,0,0,0,1
221,MIN스포츠아카데미 2관 야외풋살장,인천시 부평구 삼산동 168-2,인천시,부평구,0,1,0,0,0,1,0,1,0,0,0,0,0,0,0,1
222,인천 GOD 풋살스타디움 야외구장,인천시 서구 길주로 44번길 13,인천시,서구,0,1,0,1,1,0,0,1,0,0,0,1,0,0,1,1
223,인천풋볼파크 풋살장(야외),인천시 서구 가좌동 151-37 옥상층,인천시,서구,0,1,0,0,1,0,0,1,0,0,0,0,0,0,0,1
224,파주 JM 풋볼파크 실내풋살장,경기도 파주시 조리읍 대원리 257 7동,경기도,파주시,1,1,0,0,1,0,0,1,0,0,0,1,0,0,1,1
225,풋볼아카데미(선진풋살 1구장),경기도 고양시 덕양구 동산동 225-17,경기도,고양시,0,0,0,1,1,0,0,1,0,0,0,1,0,0,1,1
226,운정 싸커스토리 실내풋살장,경기도 파주시 야당동 466-24,경기도,파주시,1,0,0,1,1,0,0,1,0,0,0,0,0,0,0,1
227,세븐풋살클럽 A면,경기도 고양시 덕양구 행신동 247-8,경기도,고양시,0,0,0,1,1,0,0,1,0,0,0,1,0,0,1,1
228,세븐풋살클럽 B면,경기도 고양시 덕양구 행신동 247-8,경기도,고양시,0,1,0,0,1,1,0,1,0,0,0,1,0,0,1,1
229,고양 일산 팬텀실내풋살장 A면,경기도 고양시 일산동구 성석동 1075-125 1층,경기도,고양시,0,1,0,0,1,0,0,1,0,0,0,1,0,0,1,1
230,고양 일산 팬텀실내풋살장 B면,경기도 고양시 일산동구 성석동 1075-125 2층,경기도,고양시,0,1,0,0,1,0,0,1,0,0,0,1,0,0,1,1
231,배다골테마파크 풋살장 1구장,경기도 고양시 덕양구 화정동 7-4,경기도,고양시,0,0,0,1,1,0,0,1,0,0,0,0,0,0,0,1
232,배다골테마파크 풋살장 2구장,경기도 고양시 덕양구 화정동 7-4,경기도,고양시,0,0,0,1,1,0,0,1,0,0,0,0,0,0,1,1
233,누캄프 풋살장(Nou Camp) A면,경기도 고양시 덕양구 동산동 4-8 (그린테니스장 아래),경기도,고양시,0,1,0,1,0,0,0,0,0,0,0,0,0,0,1,1
234,누캄프 풋살장(Nou Camp) B면,경기도 고양시 덕양구 동산동 4-8 (그린테니스장 아래),경기도,고양시,0,1,0,1,0,0,0,0,0,0,0,0,0,0,1,1
235,스코어888 김병지FC 별내 풋살파크,경기도 남양주시 별내동 945,경기도,남양주시,0,1,0,0,0,0,0,0,0,0,0,0,0,0,0,1
236,SFC 스포츠클럽 A면,경기도 화성시 배양동 69-537,경기도,화성시,0,1,0,0,1,0,0,1,0,0,0,0,0,0,0,1
237,다농 THE K 풋살장 A면,경기도 안산시 상록구 월피동 445-1 다농마트 11층,경기도,안산시,0,1,0,1,0,0,0,0,0,0,0,0,0,0,0,1
238,다농 THE K 풋살장 B면,경기도 안산시 상록구 월피동 445-1 다농마트 11층,경기도,안산시,0,1,0,0,0,1,0,0,0,0,0,0,0,0,0,1
239,오산 풋살파크 A면,경기도 오산시 원동 92-2,경기도,오산시,0,1,0,1,0,0,0,0,0,0,0,0,0,0,0,1
240,스위프트 스포츠 아카데미 풋살장,경기도 안산시 단원구 고잔동 에이스골드옥상 772-2,경기도,안산시,0,1,0,1,0,0,0,1,0,0,0,0,0,0,0,1
241,더풋살파크 풋살장,경기도 용인시 수지구 풍덕천동 29-7 5층 옥상,경기도,용인시,0,1,0,0,1,0,0,1,0,0,0,1,0,0,0,1
242,고양 휘슬 풋살장,경기도 고양시 덕양구 용두동 432-393,경기도,고양시,1,0,0,1,1,0,0,1,0,0,0,1,0,0,1,1
243,화전 J풋살장(야외),경기도 고양시 덕양구 화전동 427-1,경기도,고양시,0,0,0,1,1,0,0,1,0,0,0,1,0,0,1,1
244,고양 스타케이지 실내풋살장,경기도 고양시 신원동 626-1 2층,경기도,고양시,1,0,0,0,1,0,0,1,1,0,0,0,0,0,1,1
245,HM 풋살파크 일산점 A면,경기도 고양시 일산동구 장항동 755 홈플러스 옥상,경기도,고양시,0,0,0,1,1,0,0,1,0,0,0,0,0,0,0,1
246,KGL 체육교실 풋살장 A면,경기도 화성시 동탄면 금곡로 211-89,경기도,화성시,0,0,0,1,1,0,0,1,0,0,0,0,0,0,1,1
247,다원 풋살장,경기도 남양주시 금곡동 430-11,경기도,남양주시,0,1,0,0,1,0,0,1,0,0,0,0,0,0,0,1
248,코리아레포츠 실내풋살장,경기도 고양시 일산서구 덕이동 1300-3,경기도,고양시,1,0,0,0,1,1,0,1,0,0,0,0,0,0,0,1
249,안양 Master 풋살파크 동안구점 A면(실내),경기도 안양시 동안구 비산동 1030-5 지층,경기도,안양시,1,1,0,0,1,1,0,1,0,0,0,0,0,0,0,1
250,김포 팬텀풋살장 실외,경기도 김포시 풍무동 674-6,경기도,김포시,0,1,0,1,0,0,0,0,0,0,0,1,0,0,1,1
251,김포 팬텀풋살장 실내,경기도 김포시 풍무동 674-6,경기도,김포시,0,0,0,0,0,1,0,0,0,0,0,1,0,0,1,1
252,광명 경희FC 제 1 실내풋살장,경기도 광명시 노온사동 224-2,경기도,광명시,1,0,0,0,1,1,0,1,0,0,0,1,0,0,1,1
253,김병지 풋살파크 구리아울렛점,경기도 구리시 인창동 419-7,경기도,구리시,0,0,0,1,0,0,0,0,0,0,0,0,0,0,0,1
254,GS경수클럽 당수점 실내구장,경기도 수원시 권선구 당수동 232-2,경기도,수원시,0,1,0,0,1,1,0,1,0,0,1,0,0,0,0,1
255,BF 실내풋살장,경기도 용인시 수지구 신봉동 신봉프라자 지하 1층,경기도,용인시,1,1,0,0,1,1,0,1,0,0,0,0,0,0,0,1
256,JD 풋볼아카데미 풋살장(실내) B면,서울시 송파구 가락동 164-24 지하1층,서울시,송파구,1,0,0,0,1,0,0,1,1,0,0,0,0,0,0,1
257,한국축구센터 야외풋살장,경기도 양주시 장흥면 삼하리 389-3,경기도,양주시,0,0,0,1,1,0,0,1,0,0,0,0,0,0,1,1
258,아이비리그 풋살장(실내),경기도 고양시 일산동구 식사동 716-9,경기도,고양시,1,0,0,0,1,1,0,1,0,0,0,0,0,0,0,1
259,고양 백야 야외풋살장,경기도 고양시 일산동구 풍동 1275 옥상,경기도,고양시,0,0,0,0,1,1,0,1,0,0,0,0,0,0,0,1
260,고양 백야 실내풋살장,경기도 고양시 일산동구 풍동 1275 7층,경기도,고양시,1,0,0,0,1,1,0,1,0,0,0,0,0,0,0,1
261,오토허브 풋살장 A면,경기도 용인시 기흥구 영덕동 21,경기도,용인시,0,1,0,1,0,0,0,1,0,0,0,0,0,0,0,1
262,오토허브 풋살장 B면,경기도 용인시 기흥구 영덕동 21,경기도,용인시,0,1,0,1,0,0,0,1,0,0,0,0,0,0,0,1
263,염기훈 주니어 풋살장 야외A면,경기도 오산시 외삼미동 300,경기도,오산시,0,0,0,1,1,0,0,1,0,0,0,0,0,0,0,1
264,클럽hj 풋살장 A면(야외),경기도 화성시 남양읍 북양리 347,경기도,화성시,0,1,0,0,1,0,0,1,0,0,0,0,0,0,1,1
265,클럽hj 풋살장 B면(실내),경기도 화성시 남양읍 북양리 347,경기도,화성시,1,1,0,0,1,0,0,1,0,0,0,0,0,0,1,1
266,제이원 스포츠클럽 풋살장(실내) A면,경기도 안산시 상록구 월피동 436-13 3층,경기도,안산시,1,0,0,0,1,0,0,1,1,0,0,0,0,0,0,1
267,제이원 스포츠클럽 풋살장(실내) B면,경기도 안산시 상록구 월피동 436-13 3층,경기도,안산시,1,0,0,0,1,0,0,1,1,0,0,0,0,0,0,1
268,제이원 풋살장 장지점 A면(실내),경기도 광주시 장지동 184,경기도,광주시,1,0,0,0,1,1,0,1,1,0,0,0,0,0,0,1
269,퍼스트 풋볼 아카데미 풋살장(실내),경기도 광명시 철산동 415,경기도,광명시,1,0,0,0,1,1,0,1,1,0,0,0,0,0,0,1
270,수원삼성 블루윙즈 영통점 풋살장(야외),경기도 화성시 진안동 136,경기도,화성시,0,1,0,1,1,0,0,1,0,0,0,0,0,0,0,1
271,수원 베스트FC 풋살장(실내),경기도 화성시 반정동 328-1,경기도,화성시,0,1,0,0,1,1,0,1,0,0,0,0,0,0,1,1
272,mom 축구클럽 풋살장,경기도 수원시 영통구 망포동 234-49,경기도,수원시,0,0,0,0,1,1,0,1,0,0,0,0,0,0,0,1
273,김병지 축구클럽 풋살장 별내점(실내),경기도 남양주시 별내동 1006-2 진영 N 타워 9층 김병지축구클럽,경기도,남양주시,1,0,0,0,0,1,0,0,1,0,0,0,0,0,0,1
274,안양 아레나 실내풋살장,경기도 안양시 동안구 평촌동 93-1 인덕원대림아파트 상가동 지하 1층 (안양시 동안구 흥안대로 440),경기도,안양시,1,0,0,0,1,1,0,1,1,0,0,0,0,0,0,1
275,다이나믹 풋살클럽 2층(실내),경기도 광주시 태전동 428-15 (고불로186번길 16-23) 2층,경기도,광주시,1,1,0,0,1,1,0,1,0,0,0,1,0,0,0,1
276,다이나믹 풋살클럽 1층(실내),경기도 광주시 태전동 428-15 (고불로186번길 16-23) 1층,경기도,광주시,1,1,0,0,1,1,0,1,0,0,0,1,0,0,0,1
277,포올 FC 풋살장(실내) 지음프라자점,경기도 부천시 옥길동 745-7 지음프라자 8층,경기도,부천시,1,0,0,0,1,1,0,1,0,0,0,0,0,0,0,1
278,토평980 풋살파크 A면(야외),경기도 구리시 토평동 980 6층,경기도,구리시,0,1,0,0,1,0,0,1,0,0,0,0,0,0,0,1
279,용이FC 풋살장(실내),경기도 평택시 용이동 599-2 유진빌딩 2층,경기도,평택시,1,0,0,0,1,1,0,1,1,0,0,0,0,0,0,1
280,송탄블루윙즈 야외 풋살장,경기도 평택시 모곡동 442-7,경기도,평택시,0,0,0,1,1,0,0,1,0,0,0,0,0,0,0,1
281,스토피아 그린호크 아레나(야외),경기도 성남시 수정구 동판교로308,경기도,성남시,0,0,0,1,1,0,0,1,0,0,0,0,0,0,0,1
282,힐링 풋살장,경기도 구리시 인창동 127 농수산물시장 청과B동 4층(옥탑),경기도,구리시,0,1,0,1,1,0,0,1,0,0,0,1,0,0,0,1
283,하남유소년축구클럽 풋살장 (실내),경기도 하남시 풍산동 507-3 메인프라자 5층,경기도,하남시,1,0,0,0,1,1,0,1,0,0,0,0,0,0,0,1
284,하랑스포츠아카데미 풋살장(실내),경기도 남양주시 평내동 579-2 강남프라자 10층,경기도,남양주시,1,1,0,0,1,1,0,1,0,0,0,0,0,0,0,1
285,한국축구센터 실내풋살장,경기도 양주시 장흥면 삼하리 389-3,경기도,양주시,0,0,0,0,0,1,0,0,1,0,0,0,0,0,1,1
286,수원삼성 별내블루윙즈 풋살장 A면(실내),경기도 남양주시 별내동 653-7,경기도,남양주시,1,1,0,0,1,1,0,1,0,0,0,0,0,0,0,1
287,HN유나이티드 풋살장 야외구장,경기도 화성시 향남읍 구문천리 348-3,경기도,화성시,0,0,0,1,1,0,0,1,0,0,0,0,0,0,1,1
288,풋볼아이 풋살장(실내),경기도 시흥시 대야동 536 3층,경기도,시흥시,1,1,0,0,1,1,0,1,0,0,0,0,0,0,0,1
289,일산 로꼬 풋살스타디움 고양터미널점 블랙구장,경기도 고양시 일산동구 백석동 1242 5층 야외옥상,경기도,고양시,0,0,0,1,1,0,0,1,0,0,0,1,0,0,0,1
290,경기 연세FC 풋살장(실내),경기도 광명시 노온사동 330,경기도,광명시,0,1,0,1,1,0,0,1,0,0,0,0,0,0,1,1
291,고양 프레이즈 화정점 실내풋살장,경기도 고양시 덕양구 화정동 1000-3 네이버타운 9층,경기도,고양시,1,1,0,0,1,1,0,1,0,0,0,0,0,0,0,1
292,동탄아이 유소년 풋살장 블루구장,경기도 화성시 목동 245-3 6층,경기도,화성시,1,0,0,0,1,1,0,1,1,0,0,0,0,0,0,1
293,메이저 풋볼스킬 1호점 실내구장,경기도 용인시 수지구 죽전로 232 2층,경기도,용인시,1,0,0,0,1,1,0,1,0,0,0,0,0,0,1,1
294,OK풋살클럽(용인점),경기도 용인시 기흥구 지곡동 348-6,경기도,용인시,0,1,0,0,1,0,0,1,0,0,0,0,0,0,0,1
295,남양주 파워유소년 풋살장 (야외),경기도 남양주시 진접읍 금강로 1521번길 56,경기도,남양주시,0,1,0,1,1,0,0,1,0,0,0,0,0,0,0,1
296,남양주JK 풋살장 (오남점),경기도 남양주시 오남읍 오남리 694  2층,경기도,남양주시,1,1,0,0,1,1,0,1,0,0,0,1,0,0,0,1
297,판교축구클럽 야외풋살장,경기도 성남시 분당구 두밀로 12,경기도,성남시,0,1,0,0,1,0,0,1,0,0,0,0,0,0,0,1
298,위례 킥킥 (Kick Kick) 실내풋살장,경기도 성남시 수정구 위례광장로300 5층,경기도,성남시,1,0,0,0,1,0,0,1,1,0,0,0,0,0,0,1
299,JJ 풋볼클럽 풋살장(역북점),경기도 용인시 처인구 역북동 750-1 3층,경기도,용인시,1,0,0,0,1,1,0,1,1,0,0,0,0,0,0,1
300,광명 쌈바 풋살장,경기도 광명시 오리로 537-9,경기도,광명시,0,1,0,0,0,0,0,0,0,0,0,0,0,0,0,1
301,화성블루윙즈(수원대점) 야외 풋살장 A면,경기도 화성시 융건로 66,경기도,화성시,0,1,0,1,1,0,0,1,0,0,0,0,0,0,0,1
302,화성블루윙즈(수원대점) 실내 풋살장 B면,경기도 화성시 융건로 66 2층,경기도,화성시,1,0,0,0,1,1,0,1,0,0,0,0,0,0,0,1
303,부천주니어FC 실내 풋살장,경기도 부천시 도당동 175-1 3층,경기도,부천시,0,1,0,0,0,1,0,1,0,0,0,0,0,0,0,0
304,용인 풋볼마스터아카데미 실내 풋살장,경기도 용인시 기흥구 고매로 42-24,경기도,용인시,0,1,0,0,1,1,0,1,0,0,0,0,0,0,0,1
305,파주주니어 풋살장 야외1구장,경기도 파주시 문산읍 임진리 102,경기도,파주시,0,1,0,1,1,0,0,1,0,0,0,0,0,0,0,1
306,파주주니어 풋살장 야외2구장,경기도 파주시 문산읍 임진리 102,경기도,파주시,0,1,0,0,1,1,0,1,0,0,0,0,0,0,0,1
307,오산KT 풋살장 A면,경기도 오산시 부산동 471,경기도,오산시,0,0,0,1,1,0,0,1,0,0,0,0,0,0,0,1
308,오산KT 풋살장 B면,경기도 오산시 부산동 471,경기도,오산시,0,0,0,1,1,0,0,1,0,0,0,0,0,0,0,1
309,수원시티FC 풋살장(호매실점) 실내,경기도 화성시 매송면 천천리 35-46,경기도,화성시,1,1,0,0,1,1,0,1,0,0,0,0,0,0,0,1
310,성남챌린져 풋볼클럽(실내),경기도 성남시 중원구 여수동 403 3층,경기도,성남시,1,0,0,0,1,1,0,1,1,0,0,0,0,0,0,1
311,경기광주 블루윙즈 야외풋살장,경기도 광주시 오포읍 마루들길35번길 30,경기도,광주시,0,1,0,1,1,0,0,1,0,0,0,0,0,0,0,1
312,양주 클로버 스포츠클럽 풋살장,경기도 양주시 부흥로 2038-47,경기도,양주시,0,0,0,1,1,0,0,1,0,0,0,0,0,0,0,1
313,화성 테크니카 실내 풋살장,경기도 화성시 경기동로 437,경기도,화성시,1,1,0,0,1,0,0,1,0,0,0,0,0,0,0,1
314,디라이프 풋볼파크(구 제이엠 다산신도시점)(실내),경기도 구리시 사노동 296-4,경기도,구리시,1,1,0,0,1,1,0,1,0,0,0,0,0,0,0,1
315,상동FC 실내 풋살장,경기도 부천시 도약로 25 3층,경기도,부천시,1,0,0,0,1,1,0,1,0,0,0,0,0,0,0,1
316,일산H 풋살클럽 야외A+B면,경기도 고양시 일산서구 덕산로 257-4,경기도,고양시,0,1,0,0,1,0,0,1,0,0,0,1,0,0,0,1
317,일산H 풋살클럽 실내면,경기도 고양시 일산서구 덕산로 257-4,경기도,고양시,1,0,0,0,1,1,0,1,1,0,0,1,0,0,0,1
318,세븐축구 실내클럽(경기광주점),경기도 광주시 오포읍 오포로171번길 17-19,경기도,광주시,0,1,0,0,0,0,0,1,0,0,0,0,0,0,0,1
319,용인 라온utd 실내풋살장,경기도 용인시 수지구 신봉동 23-1 4층,경기도,용인시,1,1,0,0,1,1,0,1,0,0,0,0,0,0,0,1
320,수원 EK풋살파크(실내),경기도 수원시 영통구 매영로248번길 22 3층,경기도,수원시,1,0,0,0,1,1,0,1,0,0,0,0,0,0,0,1
321,부천 마스터FC 실내풋살장,경기도 부천시 경인로 117번길 10 삼성프라자 2층,경기도,부천시,1,0,0,0,1,1,0,1,0,0,0,0,0,0,0,1
322,동탄이든 야외풋살장,경기도 화성시 동탄기흥로 247번길 8 4층,경기도,화성시,0,1,0,0,1,1,0,1,0,0,0,0,0,0,0,1
323,화성E1 풋볼클럽,경기도 화성시 봉담읍 동산재길 3-10,경기도,화성시,0,0,0,0,1,0,0,1,0,1,0,0,0,0,0,1
324,부천 겟잇 스포츠 실내풋살장(웅진플레이점),경기도 부천시 조마루로2 2층(웅진플레이도시),경기도,부천시,1,0,0,0,1,1,0,1,0,0,0,0,0,0,0,1
325,부천 겟잇 스포츠 야외풋살장(웅진플레이점),경기도 부천시 조마루로2 2층(웅진플레이도시),경기도,부천시,0,1,0,0,1,1,0,1,0,0,0,0,0,0,0,1
326,준타스 풋살아레나 남양주3구장(현대아울렛 H7파크),경기도 남양주시 다산동 6141 현대프리미엄아울렛 A동 4층,경기도,남양주시,0,1,0,0,1,0,0,1,0,0,0,0,0,0,0,1
327,남양주 한사랑 실내풋살장,경기도 남양주시 강변북로651번길 8-7 (수석동),경기도,남양주시,1,1,0,0,1,0,0,1,0,0,0,1,0,0,1,1
328,C-PAK(씨팍) 풋살장,경기도 고양시 덕양구 성사동 556-6,경기도,고양시,0,1,0,1,1,0,0,1,0,0,0,0,0,0,1,1
329,용인 이우성 풋살파크,경기도 용인시 처인구 모현읍 오산로45-23,경기도,용인시,0,1,0,1,1,0,0,1,0,0,0,0,0,0,0,1
330,김포 싸커코어 풋살장 1구장,경기도 김포시 금포로 1117-20 3층,경기도,김포시,0,0,1,1,1,0,0,1,0,0,0,0,0,0,0,1
331,TBS 도봉산 풋살장(양주CITY FC) 1구장,경기도 양주시 광사동 529번지,경기도,양주시,0,0,1,0,1,0,0,1,0,0,0,1,0,0,1,1
332,TBS 도봉산 풋살장(양주CITY FC) 3구장,경기도 양주시 광사동 529번지,경기도,양주시,0,0,0,1,1,0,0,1,0,0,0,1,0,0,1,1
333,TBS 도봉산 풋살장(양주CITY FC) 4구장,경기도 양주시 광사동 529번지,경기도,양주시,0,0,0,1,1,0,0,1,0,0,0,1,0,0,1,1
334,TBS 도봉산 풋살장(양주CITY FC) 5구장,경기도 양주시 광사동 529번지,경기도,양주시,0,1,0,0,1,0,0,1,0,0,0,1,0,0,1,1
335,용인 유림풋살장 1구장,경기도 용인시 한터로58번길 29,경기도,용인시,0,0,0,1,1,0,0,1,0,0,0,1,0,0,0,1
336,용인 유림풋살장 2구장,경기도 용인시 한터로58번길 29,경기도,용인시,0,0,0,1,1,0,0,1,0,0,0,1,0,0,0,1
337,메이저 풋볼스킬 2호점 야외구장,경기도 용인시 처인구 모현읍 능원리 311,경기도,용인시,0,0,0,1,1,0,0,1,0,0,0,0,0,0,0,1
338,하남CITY FC 풋살장,경기도 하남시 미사강변동로127 경서타워 7층,경기도,하남시,0,0,0,0,1,1,0,1,1,0,0,0,0,0,0,1
339,안양 아레나 야외풋살장 2구장,경기도 의왕시 학의동 340-104,경기도,의왕시,0,0,0,1,0,0,0,0,0,0,0,0,0,0,0,1
340,봉담 GF 야외풋살장,경기도 화성시 봉담읍 동화리 287-1,경기도,화성시,0,1,0,0,1,0,0,1,0,0,0,0,0,0,1,1
341,지곡 블루버드 실내풋살장,경기도 용인시 기흥구 지곡동 600-1,경기도,용인시,1,1,0,0,1,1,0,1,0,0,0,1,0,0,0,1
342,동탄 이두철 축구클럽 야외구장,경기도 오산시 외삼미로 46,경기도,오산시,0,0,1,0,1,0,0,1,0,0,0,0,0,0,0,1
343,동탄 이두철 축구클럽 실내 그린구장,경기도 오산시 외삼미로 46,경기도,오산시,1,0,0,0,1,1,0,1,1,0,0,0,0,0,0,1
344,동탄 이두철 축구클럽 실내 오렌지구장,경기도 오산시 외삼미로 46,경기도,오산시,1,0,0,0,1,1,0,1,1,0,0,0,0,0,0,1
345,판교 다산 야외풋살장,경기도 성남시 분당구 삼평동 676 옥상층,경기도,성남시,0,1,0,0,0,0,0,0,0,0,0,0,0,0,0,1
346,수지 WON 실내풋살장 1구장,경기도 용인시 수지구 동천동 411 준프라자 3층,경기도,용인시,1,0,0,0,1,1,0,1,1,0,0,0,0,0,0,1
347,수지 WON 실내풋살장 2구장,경기도 용인시 수지구 동천동 411 준프라자 3층,경기도,용인시,1,0,0,0,1,1,0,1,1,0,0,0,0,0,0,1
348,고촌 태리 야외풋살장,경기도 김포시 고촌읍 태리 955-3,경기도,김포시,0,1,0,0,1,1,0,1,0,0,0,0,0,0,0,1
349,공존풋살파크 양주점 B면,경기도 양주시 고읍동 176-10,경기도,양주시,0,1,0,0,1,0,0,1,0,0,0,0,0,0,0,1
350,공존풋살파크 양주점 C면,경기도 양주시 고읍동 176-10,경기도,양주시,0,1,0,0,1,0,0,1,0,0,0,0,0,0,0,1
351,시흥 플랑드르 풋살파크 B면,경기도 시흥시 능곡동 235-1 시흥플랑드르 5층,경기도,시흥시,0,0,0,0,1,1,0,1,0,0,0,0,0,0,0,0
352,평택 핏그라운드 풋살장 야외B구장,경기도 평택시 독곡동 25,경기도,평택시,0,1,0,1,1,0,0,1,0,0,0,1,0,0,0,1
353,평택 핏그라운드 풋살장 실내구장,경기도 평택시 독곡동 25,경기도,평택시,0,0,0,0,1,1,0,1,0,0,0,1,0,0,0,1
354,남양주 힐링사커 아레나 야외풋살장,경기도 남양주시 오남읍 양지리 549-1,경기도,남양주시,0,1,0,0,1,0,0,1,0,0,0,1,0,0,0,1
355,광명 로꼬풋살스타디움 실내구장,경기도 광명시 일직로 17 6층 광명 롯데몰,경기도,광명시,1,0,0,0,1,1,0,1,0,0,0,0,0,0,0,1
356,화성풋살파크 야외 B구장,경기도 화성시 향남읍 하길리 616,경기도,화성시,0,0,0,1,1,0,0,1,0,0,0,0,0,0,1,1
357,용인 남곡유나이티드 실내풋살장,경기도 용인시 처인구 남사읍 산정로 51-24,경기도,용인시,0,0,0,0,1,1,0,1,1,0,0,0,0,0,0,1
358,김포 PnC 풋살파크 B구장,경기도 김포시 양촌읍 구래리 681-34,경기도,김포시,0,0,0,1,1,0,0,1,0,0,0,1,0,0,1,1
359,김포 PnC 풋살파크 C구장,경기도 김포시 양촌읍 구래리 681-34,경기도,김포시,0,0,0,1,1,0,0,1,0,0,0,1,0,0,1,1
360,김포 퍼스트 실내풋살장,경기도 김포시 양촌읍 김포한강4로 278번길 31,경기도,김포시,1,0,0,0,1,1,0,1,0,0,0,0,0,0,0,1
361,경기광주 US풋살파크 B구장,경기도 광주시 남한산성면 엄미리 50-2,경기도,광주시,0,1,0,0,1,0,0,1,0,0,0,1,0,0,0,1
362,안양 SNFC 야외풋살장 B면,경기도 안양시 만안구 안양로329번길 107 옥상층,경기도,안양시,0,0,0,0,0,1,0,0,0,0,0,0,0,0,0,1
363,신안산풋살파크 B면,경기도 안산시 단원구 신안산대학로 135,경기도,안산시,0,0,0,1,1,0,0,1,0,0,0,1,0,0,0,1
364,신안산풋살파크 C면,경기도 안산시 단원구 신안산대학로 135,경기도,안산시,0,0,0,1,1,0,0,1,0,0,0,1,0,0,0,1
365,신안산풋살파크 D면,경기도 안산시 단원구 신안산대학로 135,경기도,안산시,0,0,0,1,1,0,0,1,0,0,0,1,0,0,0,1
366,양주 제이축구아카데미 야외풋살장 B면,경기도 양주시 평화로 1181,경기도,양주시,0,1,0,0,1,0,0,1,0,0,0,0,0,0,1,1
367,양주 제이축구아카데미 야외풋살장 C면,경기도 양주시 평화로 1181,경기도,양주시,0,1,0,0,1,0,0,1,0,0,0,0,0,0,1,1
368,신안산풋살파크 축구A+B면,경기도 안산시 단원구 신안산대학로 135,경기도,안산시,0,0,0,0,1,0,0,1,0,0,0,1,1,0,0,1
369,고양 쌈바 풋볼파크 야외풋살장 왼쪽구장,경기도 고양시 덕양구 수역이길 42,경기도,고양시,0,0,0,1,1,0,0,1,0,0,0,1,0,0,1,1
370,FC PJ 축구센터 실내풋살장,경기도 고양시 일산서구 덕이동 654-5,경기도,고양시,1,0,0,0,1,1,0,1,0,0,0,0,0,0,0,1
371,김포 손승준축구클럽 야외풋살장,경기도 김포시 양촌읍 봉수대로1825번길 90-19,경기도,김포시,0,0,0,1,1,0,0,1,0,0,0,0,0,0,0,1
372,김포 손승준축구클럽 실내풋살장,경기도 김포시 양촌읍 봉수대로1825번길 90-19,경기도,김포시,1,1,0,0,1,1,0,1,0,0,0,0,0,0,0,1
373,김포 프라임 야외풋살장(석모리점),경기도 김포시 양촌읍 모산로13번길 60,경기도,김포시,0,1,0,1,0,0,0,1,0,0,0,0,0,0,0,1
374,김포 프라임 실내풋살장(석모리점),경기도 김포시 양촌읍 모산로13번길 60,경기도,김포시,0,0,0,0,0,1,0,1,0,0,0,0,0,0,0,1
375,용인 JJCLAN 드림파크 야외풋살장,경기도 용인시 기흥구 언동로 87,경기도,용인시,0,0,0,1,1,0,0,1,0,0,0,0,0,0,0,1
376,광명 한양 풋살아레나,경기도 광명시 소하로81 아이플렉스빌딩 6층,경기도,광명시,1,1,0,0,1,1,0,1,0,0,0,1,0,0,0,1
377,풋살공간 세마역점,경기도 오산시 세교동 614 5층,경기도,오산시,0,0,0,1,0,0,0,0,0,0,0,0,0,0,0,1
378,의정부 스카이 풋살장,경기도 의정부시 둔야로12 4층,경기도,의정부시,0,0,0,0,1,1,0,1,0,0,0,1,0,0,1,1
379,안산 오르카 실내풋살장,경기도 안산시 상록구 본삼로11 빛나프라자 B1층,경기도,안산시,1,0,0,0,1,1,0,1,0,0,0,0,0,0,0,1
380,안산 솔레아스 실내풋살장,경기도 안산시 단원구 광덕대로 161 6층,경기도,안산시,1,1,0,0,1,1,0,1,0,0,0,0,0,0,0,1
381,용인 코오버풋볼파크 야외구장,경기도 용인시 처인구 성산로121번길 21,경기도,용인시,0,0,0,0,1,1,0,1,0,0,0,0,0,0,0,1
382,용인 코오버풋볼파크 실내구장,경기도 용인시 처인구 성산로121번길 21,경기도,용인시,1,0,0,0,1,1,0,1,0,0,0,0,0,0,0,1
383,고촌 아라 실내풋살장 B구장,경기도 김포시 고촌읍 신곡리 762-1,경기도,김포시,1,1,0,0,1,1,0,1,0,0,0,0,0,0,0,1
384,경기광주 성남FC광주점 실내풋살장,경기도 광주시 쌍령동 247,경기도,광주시,1,0,0,0,0,1,0,1,1,0,0,0,0,0,0,1
385,남양주 유스풋볼 야외풋살장,경기도 남양주시 호평동 33-11,경기도,남양주시,0,1,0,0,1,0,0,1,0,0,0,0,0,0,0,1
386,남양주 유스풋볼 실내풋살장,경기도 남양주시 호평동 33-11,경기도,남양주시,0,0,0,0,1,1,0,1,1,0,0,0,0,0,0,1
387,고양 KPT 실내풋살장,경기도 고양시 일산서구 미래로 184,경기도,고양시,1,0,0,0,1,1,0,1,1,0,0,0,0,0,0,1
388,용인 라온주니어 야외풋살장,경기도 용인시 기흥구 지곡동 601-10,경기도,용인시,0,1,0,0,1,1,0,1,0,0,0,0,0,0,0,1
389,신안산풋살파크 스페셜구장,경기도 안산시 단원구 신안산대학로 135,경기도,안산시,0,0,1,1,1,0,0,1,0,0,0,1,0,0,0,1
390,남양주 리우풋볼 야외풋살장,경기도 남양주시 와부읍 고래산로45,경기도,남양주시,0,0,1,0,1,0,0,1,0,0,0,0,0,0,1,1
391,수원 라호 실내풋살장,경기도 수원시 장안구 장안로61-1 2층,경기도,수원시,1,0,0,0,1,0,0,1,1,0,0,0,0,0,1,1
392,광명 하프타임 실내풋살장,경기도 광명시 도덕공원로 27 드림빌딩 B1층,경기도,광명시,1,0,0,0,1,0,0,1,1,0,0,0,0,0,0,1
393,과천 그릿 실내풋살장 2호점,경기도 과천시 문원동 사기막1길 24,경기도,과천시,1,0,0,0,1,1,0,1,1,0,0,1,0,0,0,1
394,경기광주 더원 풋살파크,경기도 광주시 초월읍 산이리 3-18,경기도,광주시,0,0,0,1,1,0,0,1,0,0,0,0,0,0,0,1
395,의정부 어썸 실내풋살장,경기도 의정부시 용민로 483 보광프라자 5층,경기도,의정부시,1,0,0,0,1,1,0,1,0,0,0,1,0,0,0,1
396,김포 유캔 풋살장,경기도 김포시 양촌읍 양곡리 380-5,경기도,김포시,1,1,0,1,1,0,0,1,0,0,0,1,0,0,0,1
397,양주 TJ 풋살파크,경기도 양주시 마전동 33-13,경기도,양주시,0,0,0,1,1,0,0,1,0,0,0,1,0,0,1,1
398,수원 노총스포츠파크 야외풋살장 A구장,경기도 수원시 권선구 호매실로 46-16,경기도,수원시,0,0,0,1,1,0,0,1,0,0,0,0,0,0,0,1
399,수원 더베스트 야외풋살장,경기도 수원시 팔달구 세지로182 DS빌딩 옥상층,경기도,수원시,0,0,0,0,0,1,0,1,1,0,0,0,0,0,0,1
400,수원 더베스트 실내풋살장,경기도 수원시 팔달구 세지로182 DS빌딩 4층,경기도,수원시,1,0,0,0,0,1,0,1,1,0,0,0,0,0,0,1
401,일산 솔레아스 실내풋살장,경기도 고양시 일산동구 약산길2 5층,경기도,고양시,1,1,0,0,1,1,0,1,0,0,0,0,0,0,0,1
402,의정부 도봉산 호원풋살장 B구장,경기도 의정부시 호원동 168-11,경기도,의정부시,0,0,0,1,1,0,0,1,0,0,0,1,0,0,1,1
403,일산 프리미어 실내풋살장 A구장,경기도 고양시 일산서구 일산로 555 뉴타운상가 B1층,경기도,고양시,1,0,0,0,1,1,0,1,1,0,0,0,0,0,0,1
404,성남 반세르 트레이닝존,경기도 성남시 수정구 복정로87 지하1층,경기도,성남시,1,0,0,0,1,0,1,1,0,0,0,0,0,0,0,1
405,일산 JFC 실내풋살장,경기도 고양시 일산동구 일산로 196 대길프라자 지하1층,경기도,고양시,1,0,0,0,1,1,0,1,1,0,0,0,0,0,0,0
406,파주 JM 풋볼파크 야외풋살장,경기도 파주시 조리읍 대원리 257 7동,경기도,파주시,0,1,0,1,1,0,0,1,0,0,0,1,0,0,1,1
407,고촌 태리 실내풋살장,경기도 김포시 고촌읍 태리로190번길 80-20 가동,경기도,김포시,1,1,0,0,1,1,0,1,0,0,0,0,0,0,0,1
408,용인 실내풋살장 YFC,경기도 용인시 처인구 명지로227,경기도,용인시,1,1,0,0,1,1,0,1,0,0,0,1,0,0,0,1
409,남양주 DK 야외풋살장 A구장,경기도 남양주시 오남읍 양지리 625-2 ,경기도,남양주시,0,0,0,1,1,0,0,1,0,0,0,1,0,0,0,1
410,남양주 DK 야외풋살장 B구장 ,경기도 남양주시 오남읍 양지리 625-2 ,경기도,남양주시,0,1,0,0,1,0,0,1,0,0,0,1,0,0,0,1
411,군포 퍼스트 챔피언스파크 실내풋살장,"경기도 군포시 산본로432번길 7, 산본동 드림센터",경기도,군포시,0,1,0,0,1,1,0,1,0,0,1,0,0,0,0,1
412,군포 퍼스트 1층 블리스필드 트레이닝존,"경기도 군포시 산본로432번길 7,산본동 드림센터",경기도,군포시,0,0,0,0,1,0,1,1,0,0,1,0,0,0,0,1
413,군포 퍼스트 2층 드림필드 트레이닝존,"경기도 군포시 산본로432번길 7,산본동 드림센터",경기도,군포시,1,0,0,0,1,0,1,1,0,0,0,0,0,0,0,1
414,동탄 PEC 1호점 야외풋살장 1구장,경기도 오산시 북삼미로 259-24,경기도,오산시,0,1,0,1,0,0,0,0,0,0,0,0,0,0,0,1
415,시흥 H풋볼 실내풋살장,경기도 시흥시 정왕동 1728-9 3층,경기도,시흥시,1,0,0,0,1,1,0,1,1,0,0,0,0,0,0,1
416,고양 프레이즈 삼송점 실내풋살장,경기도 고양시 덕양구 도래울로 104 8층,경기도,고양시,1,1,0,0,1,1,0,0,0,0,0,0,0,0,0,1
417,고양 프레이즈 향동점 실내풋살장,경기도 고양시 덕양구 향기로115 봄프라자 408호,경기도,고양시,1,0,0,0,1,1,0,1,1,0,0,0,0,0,0,1
418,시흥 드림 야외풋살장 B구장,경기도 시흥시 금이동 56-7,경기도,시흥시,0,0,0,1,1,0,0,1,0,0,0,1,0,0,1,1
419,시흥 풋볼아이 풋살파크 B구장,경기도 시흥시 뒷방울길 64-11,경기도,시흥시,0,0,0,1,1,0,0,1,0,0,0,1,0,0,0,1
420,시흥 풋볼아이 풋살파크 C구장,경기도 시흥시 뒷방울길 64-11,경기도,시흥시,0,0,0,1,1,0,0,1,0,0,0,1,0,0,0,1
421,시흥 풋볼아이 풋살파크 D구장,경기도 시흥시 뒷방울길 64-11,경기도,시흥시,0,0,0,1,1,0,0,1,0,0,0,1,0,0,0,1
422,하남 감일 키커스 (구 래빗츠) 야외풋살장,경기도 하남시 신우실로 83 스윗컬처빌딩 5층,경기도,하남시,0,0,0,1,1,0,0,1,0,0,0,0,0,0,0,1
423,하남 감일 키커스 (구 래빗츠) 실내풋살장,경기도 하남시 신우실로 83 스윗컬처빌딩 3층,경기도,하남시,1,0,0,0,1,1,0,1,0,0,0,0,0,0,0,1
424,안양 남강FC 실내풋살장 옐로우구장,경기도 안양시 동안구 흥안대로137 지층,경기도,안양시,1,0,0,0,1,0,0,1,1,0,0,0,0,0,0,1
425,안양 남강FC 실내풋살장 블루구장,경기도 안양시 동안구 흥안대로137 지층,경기도,안양시,1,0,0,0,1,0,0,1,1,0,0,0,0,0,0,1
426,동탄 제이에스 실내풋살장,경기도 화성시 동탄순환대로788 W프라자 2층,경기도,화성시,1,0,0,0,0,1,0,1,0,0,0,0,0,0,0,1
427,남양주 메테오FC 실내풋살장,경기도 남양주시 진접읍 부평로뒷들2길 6,경기도,남양주시,1,0,0,0,1,1,0,1,1,0,0,0,0,0,1,1
428,김포 조이풋살 실내풋살장,경기도 김포시 대곶면 대곶남로401번길 117-53,경기도,김포시,0,1,0,0,1,1,0,1,0,0,0,0,0,0,0,1
429,런앤짐 스포츠클럽 실내풋살장,경기도 남양주시 진접읍 주곡로147번길 53-6,경기도,남양주시,1,0,0,0,1,1,0,1,0,0,0,0,0,0,0,1
430,화성블루윙즈(수원대 2호점) 실내풋살장,경기도 화성시 융건로 96-4 2층,경기도,화성시,1,0,0,0,0,0,0,0,1,0,0,0,0,0,0,1
431,부천 모션FC 야외풋살장,경기도 부천시 양지로 125 옥상층,경기도,부천시,0,1,0,0,0,1,0,1,0,0,0,0,0,0,0,1
432,부천 모션FC 실내풋살장,경기도 시흥시 범안로266번길 40-10,경기도,시흥시,1,0,0,0,0,1,0,1,0,0,0,0,0,0,0,1
433,하남 어반스타디움 초이점 야외풋살장,경기도 하남시 초이로23 4층,경기도,하남시,0,1,0,1,1,0,0,1,0,0,0,0,0,0,0,1
434,안산 PLP 인도어 실내풋살장,경기도 안산시 단원구 고잔동 709 4층,경기도,안산시,1,0,0,0,1,1,0,1,1,0,0,0,0,0,0,1
435,안산 PLP 야외풋살장,경기도 안산시 단원구 고잔동 709 옥상층,경기도,안산시,0,0,0,0,1,1,0,1,1,0,0,0,0,0,0,1
436,부천 베네스트 실내풋살장,경기도 부천시 오정로 45 6층,경기도,부천시,1,1,0,0,1,0,0,1,0,0,0,1,0,0,0,1
437,SSFC 의정부센터 실내풋살장,경기도 의정부시 용민로74 지하1층,경기도,의정부시,1,0,0,0,1,1,0,1,1,0,0,0,0,0,1,0
438,안산 단원 하위나이트 실내풋살장,경기도 안산시 단원구 광덕서로44 이노프라자 B101호,경기도,안산시,1,0,0,0,1,1,0,1,1,0,0,0,0,0,0,1
439,상암 DMC 실내 스튜디오구장,경기도 고양시 덕양구 호원길 3-2 2층,경기도,고양시,1,1,0,0,0,0,0,0,0,0,0,0,0,0,0,1
440,김포 골든타임 실내풋살장 구래마산점,경기도 김포시 김포한강4로 513 채움테라스 4층,경기도,김포시,1,0,0,0,1,1,0,1,1,0,0,0,0,0,0,1
441,용인 수지주니어FC 실내풋살장,경기도 용인시 수지구 동천로448번길 31-4,경기도,용인시,1,0,0,0,1,1,0,1,1,0,0,0,0,0,0,1
442,동탄 수원삼성블루윙즈 실내풋살장 B구장,경기도 화성시 동탄대로 446 동탄역그란비아스타 B1층,경기도,화성시,1,0,0,0,1,1,0,1,1,0,0,0,0,0,0,1
443,하남 감일 제이풋볼 야외풋살장,경기도 하남시 감일로140 제이디주차타워 6층,경기도,하남시,0,1,0,1,1,0,0,1,0,0,0,0,0,0,1,1
444,솔레아스 시흥IC점 실내풋살장 B구장,경기도 시흥시 은계중앙로 306번길36 태진지식산업센터 2층,경기도,시흥시,1,0,0,0,1,1,0,1,0,0,0,0,0,0,0,1
445,로꼬풋살스타디움 시흥대야역점 실내구장,경기도 시흥시 소래산길 28,경기도,시흥시,0,0,0,1,0,0,0,0,0,0,0,0,0,0,0,1
446,수원 솔사커 실내풋살장,경기도 수원시 장안구 파장동599 3층,경기도,수원시,1,0,0,0,1,1,0,1,0,0,0,0,0,0,0,1
447,남양주 다산 LS 풋살파크 트레이닝존,경기도 남양주시 다산중앙로82번안길 166-46 파인듀파크빌딩 6층,경기도,남양주시,0,0,0,0,1,0,1,1,0,0,0,0,0,0,0,1
448,평택 제이에스 실내풋살장,경기도 평택시 세교동 617-8 리움스퀘어 4층,경기도,평택시,1,0,0,0,1,1,0,1,0,0,0,0,0,0,0,1
449,안산 원리 실내풋살장,경기도 화성시 매송면 푸른들판로2005 원리풋살장,경기도,화성시,0,1,0,0,1,0,0,1,0,0,0,0,0,0,0,1
450,부천 Clear(클리어) 풋살장 실내A구장,경기도 부천시 옥산로 255 4층,경기도,부천시,1,1,0,0,1,1,0,1,0,0,0,1,0,0,0,1
451,부천 Clear(클리어) 풋살장 실내B구장,경기도 부천시 옥산로 255 4층,경기도,부천시,1,0,0,0,1,1,0,1,1,0,0,1,0,0,0,1
452,의왕 GOAT 실내풋살장,경기도 의왕시 모락로106 지하2층,경기도,의왕시,1,0,0,0,1,0,0,1,1,0,0,0,0,0,0,1
453,고양 강용풋살파크 화이트구장,경기도 고양시 덕양구 동송로20 하나로마트삼송점 3층,경기도,고양시,0,1,0,0,1,1,0,1,0,0,0,1,0,0,0,1
454,고양 강용풋살파크 블루구장,경기도 고양시 덕양구 동송로20 하나로마트삼송점 3층,경기도,고양시,0,0,0,1,1,0,0,1,0,0,0,1,0,0,0,1
455,고양 강용풋살파크 그린구장(실내),경기도 고양시 덕양구 동송로20 하나로마트삼송점 3층,경기도,고양시,0,0,0,0,1,1,0,1,1,0,0,1,0,0,0,1
456,스토피아 스토밀라 풋살파크(실내),경기도 성남시 수정구 동판교로308,경기도,성남시,1,0,0,0,1,1,0,1,0,0,0,0,0,0,0,1
457,파주 유나이티드 야외풋살장,경기도 파주시 송학2길99 옥상층,경기도,파주시,0,1,0,0,1,1,0,1,0,0,0,0,0,0,0,1
458,파주 유나이티드 실내풋살장,경기도 파주시 송학2길99 2층,경기도,파주시,1,0,0,0,1,1,0,1,0,0,0,0,0,0,0,1
459,양주 공차 실내풋살장,경기도 양주시 은현면 운하로528번길44-20 C동,경기도,양주시,0,1,0,0,1,1,0,1,0,0,0,0,0,0,0,1
460,고양 드림하이 야외풋살장,경기도 고양시 일산서구 덕산로196-6,경기도,고양시,0,1,0,0,1,1,0,1,0,0,0,0,0,0,0,1
461,화성 GSD 실내풋살장,경기도 화성시 장지동 826 1동,경기도,화성시,1,1,0,0,1,1,0,1,0,0,0,0,0,0,0,1
462,화성 GSD 야외풋살장,경기도 화성시 장지동 826 1동,경기도,화성시,0,0,0,0,1,1,0,1,0,0,0,0,0,0,0,1
463,평택 타이거FC 실내풋살장,경기도 평택시 칠괴동 588-2 C동,경기도,평택시,1,1,0,0,1,1,0,1,0,0,0,0,0,0,0,1
464,광명 베스트 루프탑풋살장,경기도 광명시 하안로254 옥상층,경기도,광명시,0,1,0,0,0,1,0,0,0,0,0,0,0,0,0,1
465,오산 탑런풋살파크 1구장,경기도 오산시 경기대로 271 롯데마트오산점 옥상층,경기도,오산시,0,0,0,1,0,0,0,0,0,0,0,0,0,0,0,1
466,오산 탑런풋살파크 2구장,경기도 오산시 경기대로 271 롯데마트오산점 옥상층,경기도,오산시,0,0,0,1,1,0,0,1,0,0,0,0,0,0,0,1
467,오산 탑런풋살파크 3구장,경기도 오산시 경기대로 271 롯데마트오산점 옥상층,경기도,오산시,0,0,0,1,0,0,0,0,0,0,0,0,0,0,0,1
468,양주 디원풋볼 실내풋살장,경기도 양주시 고암길36 대영빌딩 2층,경기도,양주시,1,0,0,0,1,0,0,1,1,0,0,0,0,0,0,1
469,스포리즈 실내풋살장 부천점,"경기도 부천시 원미구 부흥로376, 문화빌딩 5층",경기도,부천시,1,1,0,0,1,1,0,1,0,0,0,0,0,0,0,1
470,의왕 윤화평 트레이닝존,경기도 의왕시 학의로 504 의왕축구장 2층,경기도,의왕시,1,0,0,0,1,0,1,1,0,0,0,0,0,0,0,1
471,화성 새솔 퍼스트풋살파크,경기도 화성시 새솔동 노들길 6-33 그린마트 옥상층,경기도,화성시,0,1,0,0,1,0,0,1,0,0,0,0,0,0,0,1
472,수원 누누 야외풋살장 오목천점,경기도 수원시 권선구 오목천로36-1 ,경기도,수원시,0,0,0,1,1,0,0,1,0,0,0,1,0,0,0,1
473,경기광주 드림풋볼 실내풋살장,경기도 광주시 절골길11번길 3,경기도,광주시,0,1,0,0,1,1,0,1,0,0,0,0,0,0,0,1
474,구리 히트짐 인도어풋살장,경기도 구리시 아천동 149-18 2층,경기도,구리시,1,0,0,0,1,1,0,1,0,0,0,0,0,0,0,1
475,경산 백천풋살파크 1구장,경상북도 경산시 백천길 13-14,경상북도,경산시,0,0,0,1,1,0,0,1,0,0,0,1,0,0,1,1
476,경산 백천풋살파크 2구장,경상북도 경산시 백천길 13-14,경상북도,경산시,0,0,0,1,1,0,0,1,0,0,0,1,0,0,1,1
477,경산 백천풋살파크 4구장,경상북도 경산시 백천길 13-14,경상북도,경산시,0,0,0,1,1,0,0,1,0,0,0,1,0,0,1,1
478,BS89 풋볼클럽,부산시 연제구 반송로 89 6층,부산시,연제구,1,1,0,0,1,0,0,1,0,0,0,0,0,0,1,1
479,안정환 FC 풋살장(양산점),경상남도 양산시 동면 금오로 242 5층,경상남도,양산시,0,1,0,0,1,0,0,1,0,0,0,0,0,0,0,1
480,서산 골든타임 실내풋살장,충청남도 서산시 예천1로 3-51 2층,충청남도,서산시,1,0,0,0,1,1,0,1,1,0,0,0,0,0,0,1
481,대천 보령 실내풋살장,충청남도 보령시 터미널길 18-17 2층,충청남도,보령시,1,0,0,0,1,1,0,1,1,0,0,0,0,0,0,1
482,군산 스포츠제이 풋살파크 B면,전라북도 군산시 개정동 30-4,전라북도,군산시,0,1,0,1,1,0,0,1,0,0,0,0,0,0,1,1
483,전주 전북유나이티드 실내풋살장,전라북도 전주시 덕진구 산정동 857-3 2층,전라북도,전주시,1,0,0,0,1,1,0,1,1,0,0,0,0,0,1,1
484,전주혁신 티키타카 실내풋살아레나,전라북도 완주군 이서면 출판로46-12 진영빌딩 2층,전라북도,완주군,1,0,0,0,1,1,0,1,0,0,0,1,0,0,0,1
485,아곤 스포츠클럽1관 2층,인천시 서구 경서동 350-45,인천시,서구,1,1,0,0,1,0,0,1,0,0,0,1,0,0,1,1
486,청라 PSG 토브 1호점 야외풋살장,인천시 서구 경서동 949-4 청라경연타워,인천시,서구,0,0,1,1,0,0,0,0,0,0,0,0,0,0,0,1
487,MIN스포츠아카데미 1관 실내풋살장,인천시 부평구 삼산동 388-11,인천시,부평구,1,1,0,0,1,1,0,1,0,0,0,0,0,0,0,1
488,김해룡 축구 테크니컬센터 실내,인천시 부평구 청천동 3-2 2층,인천시,부평구,1,1,0,0,1,1,0,1,0,0,0,0,0,0,1,1
489,인천 AU 실내풋살장 논현점 블랙구장,인천시 남동구 논현동 50-1 3층,인천시,남동구,1,0,0,0,1,1,0,1,1,0,0,0,0,0,0,1
490,아곤 실내풋살장 청라점,인천시 서구 북항로 32번길 66 2층,인천시,서구,1,1,0,0,1,1,0,1,0,0,0,1,0,0,0,1
491,인천풋볼파크 풋살장(실내),인천시 서구 가좌동 151-37 1층,인천시,서구,1,0,0,0,1,1,0,1,1,0,0,0,0,0,0,1
492,춘천 파나스 풋살장 (퇴계온의점) 실내,강원도 춘천시 온의동 464 2층,강원도,춘천시,1,0,0,0,1,1,0,1,0,0,0,0,0,0,0,1
493,스포잇풋볼센터(연수점) 실내풋살장,인천시 연수구 청능대로 75 우원아이앤디 4층,인천시,연수구,1,0,0,0,1,1,0,1,0,0,0,0,0,0,1,1
494,인천 검단 고올인 풋살장,인천시 서구 왕길동 128-84,인천시,서구,0,0,1,1,1,0,0,1,0,0,0,0,0,0,1,1
495,청라 PSG 토브 2호점 야외풋살장 A면,인천시 서구 청라동 153-4 청라테트리스타워 10층,인천시,서구,0,1,0,1,0,0,0,0,0,0,0,0,0,0,0,1
496,청라 PSG 토브 2호점 야외풋살장 B면,인천시 서구 청라동 153-4 청라테트리스타워 10층,인천시,서구,0,1,0,1,0,0,0,0,0,0,0,0,0,0,0,1
497,부평 CHM 풋살아레나 화이트구장,인천시 부평구 청천동 423-15 옥상,인천시,부평구,0,0,0,1,1,0,0,1,0,0,0,1,0,0,0,1
498,인천 GOD 풋살스타디움 실내구장,인천시 서구 석남동 223-1,인천시,서구,1,0,0,1,1,0,0,1,0,0,0,1,0,0,1,1
499,인천 현우풋살스타디움 2구장,인천시 서구 석남동 223-192,인천시,서구,0,0,0,1,1,0,0,1,0,0,0,1,0,0,0,1
500,인천 현우풋살스타디움 3구장,인천시 서구 석남동 223-192,인천시,서구,0,0,0,1,1,0,0,1,0,0,0,1,0,0,0,1
501,인천 현우풋살스타디움 4구장,인천시 서구 석남동 223-192,인천시,서구,0,1,0,0,1,1,0,1,0,0,0,1,0,0,0,1
502,강릉 GNJ 풋살센터 실내구장,강원도 강릉시 남부로 92,강원도,강릉시,0,0,0,0,1,1,0,1,0,0,1,0,0,0,0,1
503,검단 에피립토 풋살장 실내1구장,인천시 서구 왕길동 64-284,인천시,서구,0,1,0,0,0,1,0,1,0,0,0,0,0,0,0,1
504,검단 에피립토 풋살장 실내2구장,인천시 서구 왕길동 64-284,인천시,서구,0,0,0,0,0,1,0,1,0,0,0,0,0,0,0,1
505,서창 아이필드 풋살센터 B구장,인천시 남동구 운연동 459-37,인천시,남동구,0,0,0,1,1,0,0,1,0,0,0,0,0,0,0,1
506,서창 아이필드 풋살센터 C구장,인천시 남동구 운연동 459-37,인천시,남동구,0,0,0,1,1,0,0,1,0,0,0,0,0,0,0,1
507,서창 아이필드 풋살센터 D구장,인천시 남동구 운연동 459-37,인천시,남동구,0,1,0,0,1,0,0,1,0,0,0,0,0,0,0,1
508,부산 기장축구센터 야외풋살장,부산시 기장군 정관읍 산단5로 76-142,부산시,기장군,0,1,0,1,1,0,0,1,0,0,0,1,0,0,0,1
509,부산 기장축구센터 실내풋살장,부산시 기장군 정관읍 산단5로 76-142,부산시,기장군,0,1,0,0,1,0,0,1,0,0,0,1,0,0,0,1
510,아곤 스포츠클럽 4관 A구장,인천시 서구 원창동 209-39,인천시,서구,0,0,0,1,1,0,0,1,0,0,0,1,0,0,0,1
511,아곤 스포츠클럽 4관 B구장,인천시 서구 원창동 209-39,인천시,서구,0,0,0,1,1,0,0,1,0,0,0,1,0,0,0,1
512,인유 실내풋살장 인천논현점,인천시 남동구 논현동 논고개로 61 라피에스타 6층,인천시,남동구,1,0,0,0,1,1,0,1,1,0,0,0,0,0,0,1
513,인천 어반스타디움 구월점 야외풋살장,인천시 남동구 인하로 485 13층,인천시,남동구,0,0,0,1,0,0,0,1,0,0,0,1,0,0,0,1
514,인천 더베스트 실내풋살장,인천시 남동구 구월동 1119-3 2층,인천시,남동구,1,0,0,0,1,1,0,1,1,0,0,0,0,0,0,1
515,파시온FC 실내풋살장 (동화2호점),서울시 중구 다산로 36길 101 1층,서울시,중구,1,0,0,0,1,1,0,1,1,0,0,0,0,0,0,1
516,인천 아레테 트레이닝존,인천시 계양구 경명대로 1045번길 9-9 지산상가 B1층,인천시,계양구,0,0,0,0,1,0,1,1,0,0,0,1,0,0,0,1
517,일산 프리미어 실내풋살장 B구장,경기도 고양시 일산서구 일산로 555 뉴타운상가 B1층,경기도,고양시,1,0,0,0,1,0,0,1,1,0,0,0,0,0,0,1
518,태즈풋볼 양재점 트레이닝존,서울시 서초구 바우뫼로 212 도영빌딩 B1층,서울시,서초구,1,0,0,0,1,0,1,1,0,0,0,0,0,0,0,1
519,대구풋살 야외풋살장 1구장,대구시 수성구 시지동 238,대구시,수성구,0,0,0,1,1,0,0,1,0,0,0,1,0,0,1,1
520,대구풋살 야외풋살장 2구장,대구시 수성구 시지동 238,대구시,수성구,0,0,0,1,1,0,0,1,0,0,0,1,0,0,1,1
521,대구풋살 야외풋살장 3구장,대구시 수성구 시지동 238,대구시,수성구,0,0,0,1,1,0,0,1,0,0,0,1,0,0,1,1
522,대구풋살 야외풋살장 4구장,대구시 수성구 시지동 238,대구시,수성구,0,0,0,1,1,0,0,1,0,0,0,1,0,0,1,1
523,대구풋살 야외풋살장 5구장,대구시 수성구 시지동 238,대구시,수성구,0,0,0,1,1,0,0,1,0,0,0,1,0,0,1,1
524,대구풋살 야외풋살장 6구장,대구시 수성구 시지동 238,대구시,수성구,0,0,0,1,1,0,0,1,0,0,0,1,0,0,1,1
525,아곤 실내풋살장 부평점,인천시 부평구 청천동 11-39 대우빌딩 지하1층,인천시,부평구,1,0,0,0,1,1,0,1,1,0,0,1,0,0,0,1
526,용인 광주풋살장 야외구장,경기도 용인시 처인구 모현읍 백옥대로2101번길 63-32,경기도,용인시,0,0,0,1,1,0,0,1,0,0,0,0,0,0,1,1
527,인천 고고풋살 야외풋살장,인천시 계양구 장제로 797 옥상층,인천시,계양구,0,0,0,0,1,1,0,1,1,0,0,0,0,0,0,1
528,춘천 파나스 장학점 야외풋살장,강원도 춘천시 후평동 197-1,강원도,춘천시,0,0,0,0,0,1,0,0,1,0,0,0,0,0,0,1
529,춘천 파나스 장학점 실내풋살장,강원도 춘천시 후평동 197-1,강원도,춘천시,1,0,0,0,0,1,0,0,1,0,0,0,0,0,0,1
530,세종 에셀 실내풋살장,세종시 소담로 70 레전드타워 4층,세종시,소담로,1,0,0,0,1,1,0,1,1,0,0,0,0,0,0,1
531,부평 어반스타디움 실내풋살장,인천시 부평구 주부토로 193 4층,인천시,부평구,1,1,0,0,1,1,0,1,0,0,0,1,0,0,0,1
532,세종 드림스타디움 야외A풋살장,세종시 연서면 월하리 138-1 세종패션타운 제1차 1동,세종시,연서면,0,1,0,0,1,1,0,1,0,0,0,0,0,0,1,1
533,세종 드림스타디움 야외B풋살장,세종시 연서면 월하리 138-1 세종패션타운 제1차 1동,세종시,연서면,0,1,0,0,1,1,0,1,0,0,0,0,0,0,1,1
534,파주 발롱 야외풋살장,경기도 파주시 검산동 414-6,경기도,파주시,0,0,0,1,1,0,0,1,0,0,0,1,0,0,1,1
535,인천 탑런 풋살파크 검단롯데마트점 1구장,인천시 서구 마전동 1031-1 검단롯데마트 5층,인천시,서구,0,0,0,1,1,0,0,1,0,0,0,0,0,0,0,1
536,인천 탑런 풋살파크 검단롯데마트점 3구장,인천시 서구 마전동 1031-1 검단롯데마트 5층,인천시,서구,0,0,0,1,1,0,0,1,0,0,0,0,0,0,0,1
537,고양 강용풋살파크 레드구장,경기도 고양시 덕양구 동송로20 하나로마트삼송점 3층,경기도,고양시,0,0,0,1,1,0,0,1,0,0,0,1,0,0,0,1
538,인천 가정 RnD 실내풋살장,"인천시 서구 봉오재3로110번길 7 가정봄프라자501,502호",인천시,서구,1,0,0,0,1,1,0,1,1,0,0,0,0,0,0,1
539,인천 검단 ATS 실내풋살장,인천시 서구 완정로34번길 57-21 AT스포츠센터 4층,인천시,서구,1,0,0,0,1,1,0,1,0,0,0,0,0,0,1,1
540,인천 JS 풋살플레이스,인천시 서구 거월로 7-30,인천시,서구,0,0,0,1,1,0,0,1,0,0,0,0,0,0,0,1
541,인천 센트럴 실내풋살장,인천시 서구 가정동 616-2 3층,인천시,서구,1,0,0,0,1,1,0,1,1,0,0,0,0,0,0,1
542,인천 서창 JR 실내풋살장,인천시 남동구 서창방산로55 비젼프라자 7층,인천시,남동구,1,0,0,0,1,1,0,1,1,0,0,0,0,0,0,1
543,인천 서창 JR 야외풋살장,인천시 남동구 서창방산로55 비젼프라자 옥상층,인천시,남동구,0,1,0,0,1,0,0,1,0,0,0,0,0,0,0,1
544,인천 빌드업 풋살파크(실내),인천시 계양구 계양대로 121 계산예술빌딩 4층,인천시,계양구,1,0,0,0,1,1,0,1,1,0,0,0,0,0,0,1
545,로꼬풋살스타디움 대구점,대구시 북구 태평로 161 롯데백화점 대구점 11층,대구시,북구,0,0,0,1,1,0,0,1,0,0,0,0,0,0,0,1
546,노원 아시아퍼시픽 풋살장 A구장,서울시 노원구 월계동 820,서울시,노원구,0,0,0,1,0,0,0,0,0,0,0,0,0,0,0,1
547,동대문 지니풋살파크 야외풋살장,서울시 동대문구 왕산로68 용운빌딩 옥상층,서울시,동대문구,0,1,0,0,1,1,0,1,0,0,0,0,0,0,1,1
548,노원 염광운동장 풋살2구장,서울시 노원구 월계로45가길 9,서울시,노원구,0,0,0,1,0,0,0,0,0,0,0,0,0,0,0,1
549,도곡 로꼬풋살스타디움 1구장,서울시 강남구 대치동 500 그랑프리엔 4층,서울시,강남구,0,0,0,1,1,0,0,1,0,0,0,0,0,0,0,1
550,잠실 로꼬풋살스타디움 2구장,서울시 송파구 잠실동 40-1 R층,서울시,송파구,0,0,0,1,1,0,0,1,0,0,0,1,0,0,0,1
551,수원 노총스포츠파크 야외풋살장 B구장,경기도 수원시 권선구 호매실로 46-16,경기도,수원시,0,0,0,1,1,0,0,1,0,0,0,0,0,0,0,1
552,시흥 장현FC 실내풋살장,경기도 시흥시 장현능곡로1 5층,경기도,시흥시,1,0,0,0,1,1,0,1,1,0,0,0,0,0,0,1
553,시흥 어스플레잉 야외풋살장,경기도 시흥시 수인로 3244 5층,경기도,시흥시,0,1,0,0,1,1,0,1,0,0,0,0,0,0,0,1
554,송종국FC 풋살장 봉담점 야외,경기도 화성시 봉담읍 상리 690-3 토마토메디컬 옥상층,경기도,화성시,0,0,0,0,1,1,0,1,0,0,0,0,0,0,0,1
555,수원 피크퍼포먼스 실내풋살장,경기도 수원시 영통구 원천동 550-3 5층,경기도,수원시,1,0,0,0,1,1,0,1,1,0,0,0,0,0,0,1
556,강남 중대부고 풋살장(야외) 1구장,서울시 강남구 도곡동 산21,서울시,강남구,0,0,0,1,0,0,0,0,0,0,0,0,0,0,0,0
557,안양 SNFC 야외풋살장 A면,경기도 안양시 만안구 안양로329번길 107 옥상층,경기도,안양시,0,0,0,0,0,1,0,0,0,0,0,0,0,0,0,1
558,강릉 GNJ 풋살센터 야외구장,강원도 강릉시 남부로 92,강원도,강릉시,0,0,0,1,1,0,0,1,0,0,0,0,0,0,0,1
559,용인 PEC 챔피언스파크 야외풋살장,경기도 용인시 기흥구 기흥로 116번길231,경기도,용인시,0,0,0,1,1,0,0,1,0,0,0,0,0,0,1,1
560,수원 롯데몰 컬러디움 야외풋살장,"경기도 수원시 권선구 세화로 134 5층 (서둔동,롯데백화점수원점)",경기도,수원시,0,0,0,1,1,0,0,1,0,0,0,0,0,0,0,1
561,서대문 돌산구장 A면,서울시 서대문구 홍은1동 10-305,서울시,서대문구,0,1,0,0,0,0,0,0,0,0,0,0,0,0,0,0
562,구로주니어FC 풋살장 실내 1구장,서울시 구로구 경서로 12 대상빌딩 2층,서울시,구로구,1,0,0,0,1,1,0,1,1,0,0,0,0,0,0,1
563,김포 Hnation 야외풋살장,경기도 김포시 양촌읍 학운리 299,경기도,김포시,0,0,0,1,1,0,0,1,0,0,0,0,0,0,0,1
564,용인 캡틴FC 실내풋살장 블랙구장,경기도 용인시 기흥구 서천동 274-3,경기도,용인시,1,0,0,0,1,1,0,1,0,0,0,0,0,0,0,1
565,백두 풋살장 A면,경기도 고양시 덕양구 원흥동 354-2,경기도,고양시,0,0,0,1,0,0,0,1,0,0,0,0,0,0,0,1
566,동대문 토모 풋살파크 A면(야외),서울시 동대문구 답십리동 532-8 답십리골든타워 옥상,서울시,동대문구,0,1,0,1,0,0,0,0,0,0,0,0,0,0,0,1
567,수원 팩토리 풋살파크 B면,경기도 수원시 권선구 서둔동 235-2 1층,경기도,수원시,0,1,0,0,1,1,0,1,0,0,0,0,0,0,0,1
568,수원 팩토리 풋살파크 A면,경기도 수원시 권선구 서둔동 235-2 1층,경기도,수원시,0,1,0,0,1,1,0,1,0,0,0,0,0,0,0,1
569,강남 중대부고 풋살장(야외) 2구장,서울시 강남구 도곡동 산21,서울시,강남구,0,0,0,1,0,0,0,0,0,0,0,0,0,0,0,0
570,강남 중대부고 풋살장(야외) 3구장,서울시 강남구 도곡동 산21,서울시,강남구,0,0,0,1,0,0,0,0,0,0,0,0,0,0,0,0
571,강남 중대부고 풋살장(야외) 4구장,서울시 강남구 도곡동 산21,서울시,강남구,0,0,1,1,0,0,0,0,0,0,0,0,0,0,0,0
572,성북 서경대 풋살파크 B구장,서울시 성북구 서경로124 은주2관 1층,서울시,성북구,0,0,0,1,0,0,0,1,0,0,0,1,0,0,1,1
573,도봉 풋살장 1구장,서울시 도봉구 방학동 572,서울시,도봉구,0,1,0,0,1,0,0,1,0,0,0,1,0,0,1,1
574,도봉 풋살장 3구장,서울시 도봉구 방학동 572,서울시,도봉구,0,0,0,1,1,0,0,1,0,0,0,1,0,0,1,1
575,성북 서경대 풋살파크 C구장,서울시 성북구 서경로124 은주2관 1층,서울시,성북구,0,0,0,1,0,0,0,1,0,0,0,1,0,0,1,1
576,리치유소년 실내 풋살장 1호점,서울시 구로구 구로중앙로134 b1층,서울시,구로구,1,0,0,0,1,1,0,1,1,0,0,0,0,0,0,1
577,압구정 스포츠몬스터 풋살장 A면,서울시 강남구 압구정동 424,서울시,강남구,0,0,0,1,0,0,0,0,0,0,0,0,0,0,0,1
578,압구정 스포츠몬스터 풋살장 B면,서울시 강남구 압구정동 424,서울시,강남구,0,1,0,1,0,0,0,0,0,0,0,0,0,0,0,1
579,두나미스 축구클럽(신대방점),서울시 동작구 여의대방로22길 132 B1층,서울시,동작구,1,0,0,0,1,1,0,1,1,0,0,0,0,0,0,1
580,강남 중대부고 풋살장(야외) 5구장,서울시 강남구 도곡동 산21,서울시,강남구,0,0,1,1,0,0,0,0,0,0,0,0,0,0,0,0
581,강남 중대부고 풋살장(야외) 6구장,서울시 강남구 도곡동 산21,서울시,강남구,0,0,1,1,0,0,0,0,0,0,0,0,0,0,0,0
582,광운대역 드림풋볼아카데미 실내풋살장,서울시 노원구 월계동 410-7 지하1층,서울시,노원구,1,0,0,0,1,0,0,1,1,0,0,0,0,0,0,0
583,서대문 돌산구장 B면,서울시 서대문구 홍은1동 10-305,서울시,서대문구,0,1,0,0,0,0,0,0,0,0,0,0,0,0,0,0
584,구로주니어FC 풋살장 야외구장,서울시 구로구 경서로 12 대상빌딩 옥상층,서울시,구로구,0,0,0,0,1,0,0,1,1,0,0,0,0,0,0,1
585,잠실 로꼬풋살스타디움 3구장,서울시 송파구 잠실동 40-1 R층,서울시,송파구,0,1,0,0,1,0,0,1,0,0,0,1,0,0,0,1
586,노원 RC 풋살스타디움 야외 블랙구장,서울시 노원구 노원로238 4층,서울시,노원구,0,0,0,0,1,1,0,1,1,0,0,1,0,0,1,1
587,노원 RC 풋살스타디움 화이트구장 트레이닝존,서울시 노원구 노원로238 4층,서울시,노원구,1,0,0,0,1,0,1,1,0,0,0,1,0,0,1,1
588,동작 투터치 야외풋살장,서울시 동작구 노량진로4 대방빌딩 옥상층,서울시,동작구,0,1,0,0,1,1,0,1,0,0,0,0,0,0,0,0
589,노원 염광운동장 축구1구장,서울시 노원구 월계로45가길 9,서울시,노원구,0,0,0,0,0,0,0,0,0,0,0,0,1,0,0,1
590,노원 염광운동장 축구2구장,서울시 노원구 월계로45가길 9,서울시,노원구,0,0,0,0,0,0,0,0,0,1,0,0,0,1,0,1
591,노원 염광운동장 풋살1구장,서울시 노원구 월계로45가길 9,서울시,노원구,0,0,0,1,0,0,0,0,0,0,0,0,0,0,0,1
592,노원 염광운동장 풋살3구장,서울시 노원구 월계로45가길 9,서울시,노원구,0,0,0,1,0,0,0,0,0,0,0,0,0,0,0,1
593,노원 염광운동장 풋살5구장,서울시 노원구 월계로45가길 9,서울시,노원구,0,1,0,0,0,0,0,0,0,0,0,0,0,0,0,1
594,강서염창 로꼬풋살스타디움 야외 3구장,서울시 강서구 염창동 64-1,서울시,강서구,0,1,0,0,0,0,0,0,0,0,0,0,0,0,0,1
595,노원 아시아퍼시픽 풋살장 B구장,서울시 노원구 월계동 820,서울시,노원구,0,0,0,1,0,0,0,0,0,0,0,0,0,0,0,1
596,강동 리더풋볼 트레이닝존,서울시 강동구 천중로214 홈마트건물 3층,서울시,강동구,1,0,0,0,1,0,1,1,0,0,0,0,0,0,0,1
597,골든아이 스포츠클럽 옥상풋살장,인천시 서구 원당동 824-1 2층,인천시,서구,0,1,0,0,1,0,0,1,0,0,0,1,0,0,1,1
598,HM 풋살파크 일산점 B면,경기도 고양시 일산동구 장항동 755 홈플러스 옥상,경기도,고양시,0,0,0,1,1,0,0,1,0,0,0,0,0,0,0,1
599,훼밀리 스포츠클럽 풋살파크,경기도 성남시 분당구 구미동 203-2 옥상,경기도,성남시,0,1,0,1,0,0,0,0,0,0,0,0,0,0,0,1
600,부천 FC드림 실내풋살장,경기도 부천시 원미구 상동 546-4 금호프라자 601호,경기도,부천시,1,0,0,0,1,1,0,1,1,0,0,0,0,0,0,1
601,키즈앤짐 풋살장(실내),경기도 하남시 신장동 259-5,경기도,하남시,1,0,0,0,1,1,0,1,0,0,0,0,0,0,0,1
602,송종국 FC 풋살장 김포점 A면(실내),경기도 김포시 풍무동 788 골든프라자 8층,경기도,김포시,1,0,0,0,1,1,0,1,0,0,0,0,0,0,0,1
603,송종국 FC 풋살장 김포점 B면(실외),경기도 김포시 풍무동 788 골든프라자 8층,경기도,김포시,1,1,0,0,1,1,0,1,0,0,0,0,0,0,0,1
604,베스트 스포츠클럽 풋살장(야외) 부천점,경기도 부천시 소사구 범박동 44-16 보람월드프라자5층,경기도,부천시,0,1,0,0,1,0,0,1,0,0,0,0,0,0,0,1
605,수동시온캠핑 풋살장(야외),경기도 남양주시 수동면 지둔리 230-1,경기도,남양주시,0,1,0,0,0,1,0,1,0,0,0,0,0,0,0,1
606,동탄아이 유소년 풋살장 레드구장,경기도 화성시 목동 245-3 6층,경기도,화성시,1,0,0,0,1,1,0,1,1,0,0,0,0,0,0,1
607,JNKFC 실내 풋살장,경기도 시흥시 은계번영길 19 은계디스퀘어큐브 7층,경기도,시흥시,1,0,0,0,1,1,0,1,0,0,0,0,0,0,0,1
608,그라운드동탄 풋살장,경기도 화성시 장지남길 36,경기도,화성시,0,1,0,1,1,0,0,0,0,0,0,0,0,0,0,1
609,호매실 풋살파크,경기도 수원시 권선구 칠보로 159번길26 옥상층,경기도,수원시,0,1,0,1,1,0,0,1,0,0,0,0,0,0,0,1
610,준타스 풋살아레나 남양주1구장(현대아울렛 스페이스1),경기도 남양주시 다산동 6141 현대프리미엄아울렛 A동 4층,경기도,남양주시,0,1,0,1,1,0,0,1,0,0,0,0,0,0,0,1
611,준타스 풋살아레나 남양주2구장(현대아울렛 스페이스1),경기도 남양주시 다산동 6141 현대프리미엄아울렛 A동 4층,경기도,남양주시,0,1,0,1,1,0,0,1,0,0,0,0,0,0,0,1
612,수지 위너스 풋볼아카데미 야외풋살장,경기도 용인시 수지구 상현동 345-5,경기도,용인시,1,1,0,1,1,0,0,1,0,0,0,0,0,0,0,1
613,수지 위너스 풋볼아카데미 1층풋살장,경기도 용인시 수지구 상현동 345-5,경기도,용인시,1,0,0,0,1,1,0,1,0,0,0,0,0,0,0,1
614,수지 위너스 풋볼아카데미 2층풋살장,경기도 용인시 수지구 상현동 345-5,경기도,용인시,1,0,0,0,1,1,0,1,0,0,0,0,0,0,0,1
615,운정 싸커스토리 야외풋살장,경기도 파주시 야당동 466-24,경기도,파주시,0,1,0,0,1,1,0,1,0,0,0,0,0,0,0,1
616,군포 팀원풋살파크,경기도 군포시 도마교동 493-3 5층,경기도,군포시,1,0,0,0,1,1,0,1,1,0,0,0,0,0,0,1
617,시흥 ad축구센터 실내풋살장,경기도 안산시 단원구 바라지길 43,경기도,안산시,1,0,0,0,1,1,0,1,1,0,0,0,0,0,0,1
618,화성 월클풋살장,경기도 화성시 봉담읍 분천리 215-4,경기도,화성시,0,1,0,0,0,0,0,0,0,0,0,0,0,0,0,1
619,운정 싸커스토리 루프탑풋살장,경기도 파주시 야당동 466-24,경기도,파주시,0,1,0,0,1,1,0,1,0,0,0,0,0,0,0,1
620,화성 케이풋살파크 협성대점 그레이 B구장,경기도 화성시 봉담읍 상리 14 협성대학교 내 웨슬리관 옆,경기도,화성시,0,0,0,1,1,0,0,1,0,0,0,1,0,0,0,1
621,용인 캡틴FC 실내풋살장 옐로우구장,경기도 용인시 기흥구 서천동 274-3,경기도,용인시,1,0,0,0,1,1,0,1,0,0,0,0,0,0,0,1
622,송종국FC 풋살장 봉담점 실내,경기도 화성시 봉담읍 상리 690-3 토마토메디컬 10층,경기도,화성시,1,0,0,0,1,1,0,1,0,0,0,0,0,0,0,1
623,장현 P4U 실내풋살장,경기도 시흥시 능곡번영길25 아리테브릿지 8층,경기도,시흥시,1,0,0,0,1,1,0,1,0,0,0,0,0,0,0,1
624,운정 킥스 실내풋살장,경기도 파주시 동패동 1761-5 봄1빌딩 2층,경기도,파주시,1,0,0,0,1,1,0,1,0,0,0,0,0,0,0,1
625,과천 강남스타 실내풋살장,경기도 과천시 과천동 291-1,경기도,과천시,1,1,0,0,0,0,0,0,0,0,0,0,0,0,0,1
626,안양 CS 풋살장 2구장,경기도 안양시 만안구 예술공원로52번길 2,경기도,안양시,0,0,0,1,0,0,0,0,0,0,0,0,0,0,1,1
627,의정부 도봉산 호원풋살장 C구장,경기도 의정부시 호원동 168-11,경기도,의정부시,0,0,0,1,1,0,0,1,0,0,0,1,0,0,1,1
628,용인 솔라FC 야외풋살장,경기도 용인시 수지구 신봉1로 347번길 12 A동 옥상층,경기도,용인시,0,0,0,0,1,1,0,1,1,0,0,0,0,0,0,1
629,고양 지축축구클럽 실내풋살장,경기도 고양시 덕양구 삼송로 303 2층,경기도,고양시,1,0,0,0,1,1,0,1,1,0,0,0,0,0,0,1
630,안양 ANT 실내풋살장,경기도 안양시 동안구 경수대로 902 2층,경기도,안양시,1,0,0,0,1,1,0,1,0,0,0,0,0,0,0,1
631,판교 W풋볼클럽 실내풋살장,경기도 성남시 분당구 운중로121 KPGA빌딩 3층,경기도,성남시,1,0,0,0,1,1,0,1,0,0,0,0,0,0,0,0
632,로꼬풋살스타디움 시흥대야역점 야외구장,경기도 시흥시 소래산길 28,경기도,시흥시,0,0,0,1,0,0,0,0,0,0,0,0,0,0,0,1
633,수원 솔사커 트레이닝존,경기도 수원시 장안구 파장동599 4층,경기도,수원시,1,0,0,0,1,0,1,1,0,0,0,0,0,0,0,1
634,남양주 별내 R 야외풋살장,경기도 남양주시 별내동 865-2 옥상층,경기도,남양주시,0,1,0,1,1,0,0,1,0,0,0,0,0,0,0,1
635,남양주 UMK 실내풋살장,경기도 남양주시 별내동 1101 2층,경기도,남양주시,1,0,0,0,1,1,0,1,1,0,0,0,0,0,0,1
636,경산 백천풋살파크 3구장,경상북도 경산시 백천길 13-14,경상북도,경산시,0,0,0,1,1,0,0,1,0,0,0,1,0,0,1,1
637,경산 퍼스트스타디움 야외풋살장 C구장,경상북도 경산시 정평동 80-2,경상북도,경산시,0,0,0,1,1,0,0,1,0,0,0,1,0,0,1,1
638,경산 퍼스트스타디움 야외풋살장 D구장,경상북도 경산시 정평동 80-2,경상북도,경산시,0,1,0,1,1,0,0,1,0,0,0,1,0,0,1,1
639,경산 퍼스트스타디움 8vs8구장,경상북도 경산시 정평동 80-2,경상북도,경산시,0,0,0,0,1,0,0,1,0,1,0,1,0,0,1,1
640,전주혁신 메리트풋볼 실내풋살장,전라북도 완주군 이서면 오공로 11-23 304호,전라북도,완주군,1,0,0,0,1,1,0,1,0,0,0,0,0,0,0,1
641,부평 CHM 풋살아레나 블랙구장,인천시 부평구 청천동 423-15 옥상,인천시,부평구,0,0,0,1,1,0,0,1,0,0,0,1,0,0,0,1
642,고양 PMP스타디움 축구장,경기도 고양시 덕양구 서삼릉길 281 농협대학교,경기도,고양시,0,0,0,0,0,0,0,0,0,0,0,0,1,0,0,1
643,아곤 풋살장 계양점 B구장,인천시 계양구 계산동 926-27 나드리프라자 옥상,인천시,계양구,0,0,0,0,1,0,0,1,1,0,0,1,0,0,0,1
